name,storage,lock_status,condition,price,amz
GALAXY S21,128GB,att,flawless,$72.00 ,144.95
GALAXY S21,128GB,att,good,$61.00 ,144.95
GALAXY S21,128GB,att,fair,$42.00 ,144.95
GALAXY S21,128GB,att,damaged,$12.00 ,144.95
GALAXY S21,128GB,verizon,flawless,$72.00 ,144.95
GALAXY S21,128GB,verizon,good,$61.00 ,144.95
GALAXY S21,128GB,verizon,fair,$32.00 ,144.95
GALAXY S21,128GB,verizon,damaged,$21.00 ,144.95
GALAXY S21,128GB,tmobile,flawless,$55.00 ,144.95
GALAXY S21,128GB,tmobile,good,$41.00 ,144.95
GALAXY S21,128GB,tmobile,fair,$22.00 ,144.95
GALAXY S21,128GB,tmobile,damaged,$12.00 ,144.95
GALAXY S21,128GB,unlocked,flawless,$84.34 ,169.95
GALAXY S21,128GB,unlocked,good,$71.00 ,169.95
GALAXY S21,128GB,unlocked,fair,$52.00 ,169.95
GALAXY S21,128GB,unlocked,damaged,$18.00 ,169.95
GALAXY S21,256GB,att,flawless,$72.00 ,184.95
GALAXY S21,256GB,att,good,$61.00 ,184.95
GALAXY S21,256GB,att,fair,$42.00 ,184.95
GALAXY S21,256GB,att,damaged,$12.00 ,184.95
GALAXY S21,256GB,verizon,flawless,$72.00 ,184.95
GALAXY S21,256GB,verizon,good,$61.00 ,184.95
GALAXY S21,256GB,verizon,fair,$32.00 ,184.95
GALAXY S21,256GB,verizon,damaged,$21.00 ,184.95
GALAXY S21,256GB,tmobile,flawless,$55.00 ,184.95
GALAXY S21,256GB,tmobile,good,$41.00 ,184.95
GALAXY S21,256GB,tmobile,fair,$22.00 ,184.95
GALAXY S21,256GB,tmobile,damaged,$12.00 ,184.95
GALAXY S21,256GB,unlocked,flawless,$84.34 ,209.95
GALAXY S21,256GB,unlocked,good,$71.00 ,209.95
GALAXY S21,256GB,unlocked,fair,$52.00 ,209.95
GALAXY S21,256GB,unlocked,damaged,$18.00 ,209.95
GALAXY S21 FE,128GB,att,flawless,$51.00 ,124.0
GALAXY S21 FE,128GB,att,good,$43.00 ,124.0
GALAXY S21 FE,128GB,att,fair,$21.00 ,124.0
GALAXY S21 FE,128GB,att,damaged,$12.00 ,124.0
GALAXY S21 FE,128GB,verizon,flawless,$51.00 ,124.0
GALAXY S21 FE,128GB,verizon,good,$43.00 ,124.0
GALAXY S21 FE,128GB,verizon,fair,$19.00 ,124.0
GALAXY S21 FE,128GB,verizon,damaged,$12.00 ,124.0
GALAXY S21 FE,128GB,tmobile,flawless,$36.00 ,124.0
GALAXY S21 FE,128GB,tmobile,good,$29.00 ,124.0
GALAXY S21 FE,128GB,tmobile,fair,$21.00 ,124.0
GALAXY S21 FE,128GB,tmobile,damaged,$7.00 ,124.0
GALAXY S21 FE,128GB,unlocked,flawless,$71.00 ,149.0
GALAXY S21 FE,128GB,unlocked,good,$66.00 ,149.0
GALAXY S21 FE,128GB,unlocked,fair,$41.00 ,149.0
GALAXY S21 FE,128GB,unlocked,damaged,$12.00 ,149.0
GALAXY S21 FE,256GB,att,flawless,$51.00 ,185.99
GALAXY S21 FE,256GB,att,good,$43.00 ,185.99
GALAXY S21 FE,256GB,att,fair,$21.00 ,185.99
GALAXY S21 FE,256GB,att,damaged,$12.00 ,185.99
GALAXY S21 FE,256GB,verizon,flawless,$51.00 ,185.99
GALAXY S21 FE,256GB,verizon,good,$43.00 ,185.99
GALAXY S21 FE,256GB,verizon,fair,$19.00 ,185.99
GALAXY S21 FE,256GB,verizon,damaged,$12.00 ,185.99
GALAXY S21 FE,256GB,tmobile,flawless,$36.00 ,185.99
GALAXY S21 FE,256GB,tmobile,good,$29.00 ,185.99
GALAXY S21 FE,256GB,tmobile,fair,$21.00 ,185.99
GALAXY S21 FE,256GB,tmobile,damaged,$7.00 ,185.99
GALAXY S21 FE,256GB,unlocked,flawless,$71.00 ,210.99
GALAXY S21 FE,256GB,unlocked,good,$66.00 ,210.99
GALAXY S21 FE,256GB,unlocked,fair,$41.00 ,210.99
GALAXY S21 FE,256GB,unlocked,damaged,$12.00 ,210.99
GALAXY S21+,128GB,att,flawless,$99.06 ,154.0
GALAXY S21+,128GB,att,good,$96.00 ,154.0
GALAXY S21+,128GB,att,fair,$57.00 ,154.0
GALAXY S21+,128GB,att,damaged,$26.00 ,154.0
GALAXY S21+,128GB,verizon,flawless,$86.00 ,154.0
GALAXY S21+,128GB,verizon,good,$71.00 ,154.0
GALAXY S21+,128GB,verizon,fair,$33.00 ,154.0
GALAXY S21+,128GB,verizon,damaged,$17.00 ,154.0
GALAXY S21+,128GB,tmobile,flawless,$84.00 ,154.0
GALAXY S21+,128GB,tmobile,good,$66.00 ,154.0
GALAXY S21+,128GB,tmobile,fair,$37.00 ,154.0
GALAXY S21+,128GB,tmobile,damaged,$18.00 ,154.0
GALAXY S21+,128GB,unlocked,flawless,$99.06 ,179.0
GALAXY S21+,128GB,unlocked,good,$98.00 ,179.0
GALAXY S21+,128GB,unlocked,fair,$71.00 ,179.0
GALAXY S21+,128GB,unlocked,damaged,$31.00 ,179.0
GALAXY S21+,256GB,att,flawless,$99.06 ,210.54
GALAXY S21+,256GB,att,good,$96.00 ,210.54
GALAXY S21+,256GB,att,fair,$57.00 ,210.54
GALAXY S21+,256GB,att,damaged,$26.00 ,210.54
GALAXY S21+,256GB,verizon,flawless,$86.00 ,210.54
GALAXY S21+,256GB,verizon,good,$71.00 ,210.54
GALAXY S21+,256GB,verizon,fair,$33.00 ,210.54
GALAXY S21+,256GB,verizon,damaged,$17.00 ,210.54
GALAXY S21+,256GB,tmobile,flawless,$84.00 ,210.54
GALAXY S21+,256GB,tmobile,good,$66.00 ,210.54
GALAXY S21+,256GB,tmobile,fair,$37.00 ,210.54
GALAXY S21+,256GB,tmobile,damaged,$18.00 ,210.54
GALAXY S21+,256GB,unlocked,flawless,$99.06 ,235.54
GALAXY S21+,256GB,unlocked,good,$98.00 ,235.54
GALAXY S21+,256GB,unlocked,fair,$71.00 ,235.54
GALAXY S21+,256GB,unlocked,damaged,$31.00 ,235.54
GALAXY S22,128GB,att,flawless,$95.38 ,149.0
GALAXY S22,128GB,att,good,$81.00 ,149.0
GALAXY S22,128GB,att,fair,$49.00 ,149.0
GALAXY S22,128GB,att,damaged,$26.00 ,149.0
GALAXY S22,128GB,verizon,flawless,$95.38 ,149.0
GALAXY S22,128GB,verizon,good,$76.00 ,149.0
GALAXY S22,128GB,verizon,fair,$49.00 ,149.0
GALAXY S22,128GB,verizon,damaged,$15.00 ,149.0
GALAXY S22,128GB,tmobile,flawless,$83.00 ,149.0
GALAXY S22,128GB,tmobile,good,$66.00 ,149.0
GALAXY S22,128GB,tmobile,fair,$42.00 ,149.0
GALAXY S22,128GB,tmobile,damaged,$16.00 ,149.0
GALAXY S22,128GB,unlocked,flawless,$95.38 ,174.0
GALAXY S22,128GB,unlocked,good,$95.38 ,174.0
GALAXY S22,128GB,unlocked,fair,$67.00 ,174.0
GALAXY S22,128GB,unlocked,damaged,$31.00 ,174.0
GALAXY S22,256gb,att,flawless,$109.00 ,147.95
GALAXY S22,256gb,att,good,$86.00 ,147.95
GALAXY S22,256gb,att,fair,$57.00 ,147.95
GALAXY S22,256gb,att,damaged,$31.00 ,147.95
GALAXY S22,256gb,verizon,flawless,$109.00 ,147.95
GALAXY S22,256gb,verizon,good,$82.00 ,147.95
GALAXY S22,256gb,verizon,fair,$56.00 ,147.95
GALAXY S22,256gb,verizon,damaged,$16.00 ,147.95
GALAXY S22,256gb,tmobile,flawless,$89.00 ,147.95
GALAXY S22,256gb,tmobile,good,$72.00 ,147.95
GALAXY S22,256gb,tmobile,fair,$45.00 ,147.95
GALAXY S22,256gb,tmobile,damaged,$21.00 ,147.95
GALAXY S22,256gb,unlocked,flawless,$113.78 ,172.95
GALAXY S22,256gb,unlocked,good,$111.00 ,172.95
GALAXY S22,256gb,unlocked,fair,$77.00 ,172.95
GALAXY S22,256gb,unlocked,damaged,$36.00 ,172.95
GALAXY S22 ULTRA,128GB,att,flawless,$159.00 ,274.99
GALAXY S22 ULTRA,128GB,att,good,$139.00 ,274.99
GALAXY S22 ULTRA,128GB,att,fair,$97.00 ,274.99
GALAXY S22 ULTRA,128GB,att,damaged,$37.00 ,274.99
GALAXY S22 ULTRA,128GB,verizon,flawless,$152.00 ,274.99
GALAXY S22 ULTRA,128GB,verizon,good,$130.00 ,274.99
GALAXY S22 ULTRA,128GB,verizon,fair,$73.00 ,274.99
GALAXY S22 ULTRA,128GB,verizon,damaged,$37.00 ,274.99
GALAXY S22 ULTRA,128GB,tmobile,flawless,$151.00 ,274.99
GALAXY S22 ULTRA,128GB,tmobile,good,$130.00 ,274.99
GALAXY S22 ULTRA,128GB,tmobile,fair,$92.00 ,274.99
GALAXY S22 ULTRA,128GB,tmobile,damaged,$34.00 ,274.99
GALAXY S22 ULTRA,128GB,unlocked,flawless,$187.00 ,299.99
GALAXY S22 ULTRA,128GB,unlocked,good,$161.00 ,299.99
GALAXY S22 ULTRA,128GB,unlocked,fair,$127.00 ,299.99
GALAXY S22 ULTRA,128GB,unlocked,damaged,$56.00 ,299.99
GALAXY S22 ULTRA,256gb,att,flawless,$181.00 ,289.0
GALAXY S22 ULTRA,256gb,att,good,$157.00 ,289.0
GALAXY S22 ULTRA,256gb,att,fair,$112.00 ,289.0
GALAXY S22 ULTRA,256gb,att,damaged,$41.00 ,289.0
GALAXY S22 ULTRA,256gb,verizon,flawless,$170.00 ,289.0
GALAXY S22 ULTRA,256gb,verizon,good,$145.00 ,289.0
GALAXY S22 ULTRA,256gb,verizon,fair,$82.00 ,289.0
GALAXY S22 ULTRA,256gb,verizon,damaged,$39.00 ,289.0
GALAXY S22 ULTRA,256gb,tmobile,flawless,$168.00 ,289.0
GALAXY S22 ULTRA,256gb,tmobile,good,$137.00 ,289.0
GALAXY S22 ULTRA,256gb,tmobile,fair,$107.00 ,289.0
GALAXY S22 ULTRA,256gb,tmobile,damaged,$37.00 ,289.0
GALAXY S22 ULTRA,256gb,unlocked,flawless,$205.78 ,314.0
GALAXY S22 ULTRA,256gb,unlocked,good,$196.00 ,314.0
GALAXY S22 ULTRA,256gb,unlocked,fair,$142.00 ,314.0
GALAXY S22 ULTRA,256gb,unlocked,damaged,$56.00 ,314.0
GALAXY S22 ULTRA,512GB,att,flawless,$181.00 ,333.17
GALAXY S22 ULTRA,512GB,att,good,$157.00 ,333.17
GALAXY S22 ULTRA,512GB,att,fair,$112.00 ,333.17
GALAXY S22 ULTRA,512GB,att,damaged,$41.00 ,333.17
GALAXY S22 ULTRA,512GB,verizon,flawless,$170.00 ,333.17
GALAXY S22 ULTRA,512GB,verizon,good,$145.00 ,333.17
GALAXY S22 ULTRA,512GB,verizon,fair,$82.00 ,333.17
GALAXY S22 ULTRA,512GB,verizon,damaged,$39.00 ,333.17
GALAXY S22 ULTRA,512GB,tmobile,flawless,$168.00 ,333.17
GALAXY S22 ULTRA,512GB,tmobile,good,$137.00 ,333.17
GALAXY S22 ULTRA,512GB,tmobile,fair,$107.00 ,333.17
GALAXY S22 ULTRA,512GB,tmobile,damaged,$37.00 ,333.17
GALAXY S22 ULTRA,512GB,unlocked,flawless,$205.78 ,358.17
GALAXY S22 ULTRA,512GB,unlocked,good,$196.00 ,358.17
GALAXY S22 ULTRA,512GB,unlocked,fair,$142.00 ,358.17
GALAXY S22 ULTRA,512GB,unlocked,damaged,$56.00 ,358.17
GALAXY S22 ULTRA,1TB,att,flawless,$181.00 ,493.44000000000005
GALAXY S22 ULTRA,1TB,att,good,$157.00 ,493.44000000000005
GALAXY S22 ULTRA,1TB,att,fair,$112.00 ,493.44000000000005
GALAXY S22 ULTRA,1TB,att,damaged,$41.00 ,493.44000000000005
GALAXY S22 ULTRA,1TB,verizon,flawless,$170.00 ,493.44000000000005
GALAXY S22 ULTRA,1TB,verizon,good,$145.00 ,493.44000000000005
GALAXY S22 ULTRA,1TB,verizon,fair,$82.00 ,493.44000000000005
GALAXY S22 ULTRA,1TB,verizon,damaged,$39.00 ,493.44000000000005
GALAXY S22 ULTRA,1TB,tmobile,flawless,$168.00 ,493.44000000000005
GALAXY S22 ULTRA,1TB,tmobile,good,$137.00 ,493.44000000000005
GALAXY S22 ULTRA,1TB,tmobile,fair,$107.00 ,493.44000000000005
GALAXY S22 ULTRA,1TB,tmobile,damaged,$37.00 ,493.44000000000005
GALAXY S22 ULTRA,1TB,unlocked,flawless,$205.78 ,518.44
GALAXY S22 ULTRA,1TB,unlocked,good,$196.00 ,518.44
GALAXY S22 ULTRA,1TB,unlocked,fair,$142.00 ,518.44
GALAXY S22 ULTRA,1TB,unlocked,damaged,$56.00 ,518.44
GALAXY S22+,128GB,att,flawless,$110.10 ,169.0
GALAXY S22+,128GB,att,good,$98.00 ,169.0
GALAXY S22+,128GB,att,fair,$64.00 ,169.0
GALAXY S22+,128GB,att,damaged,$31.00 ,169.0
GALAXY S22+,128GB,verizon,flawless,$110.00 ,169.0
GALAXY S22+,128GB,verizon,good,$98.00 ,169.0
GALAXY S22+,128GB,verizon,fair,$64.00 ,169.0
GALAXY S22+,128GB,verizon,damaged,$23.00 ,169.0
GALAXY S22+,128GB,tmobile,flawless,$105.00 ,169.0
GALAXY S22+,128GB,tmobile,good,$79.00 ,169.0
GALAXY S22+,128GB,tmobile,fair,$45.00 ,169.0
GALAXY S22+,128GB,tmobile,damaged,$23.00 ,169.0
GALAXY S22+,128GB,unlocked,flawless,$110.10 ,194.0
GALAXY S22+,128GB,unlocked,good,$110.10 ,194.0
GALAXY S22+,128GB,unlocked,fair,$83.00 ,194.0
GALAXY S22+,128GB,unlocked,damaged,$36.00 ,194.0
GALAXY S22+,256gb,att,flawless,$128.00 ,194.99
GALAXY S22+,256gb,att,good,$109.00 ,194.99
GALAXY S22+,256gb,att,fair,$77.00 ,194.99
GALAXY S22+,256gb,att,damaged,$36.00 ,194.99
GALAXY S22+,256gb,verizon,flawless,$121.00 ,194.99
GALAXY S22+,256gb,verizon,good,$110.00 ,194.99
GALAXY S22+,256gb,verizon,fair,$77.00 ,194.99
GALAXY S22+,256gb,verizon,damaged,$30.00 ,194.99
GALAXY S22+,256gb,tmobile,flawless,$114.00 ,194.99
GALAXY S22+,256gb,tmobile,good,$91.00 ,194.99
GALAXY S22+,256gb,tmobile,fair,$58.00 ,194.99
GALAXY S22+,256gb,tmobile,damaged,$30.00 ,194.99
GALAXY S22+,256gb,unlocked,flawless,$135.86 ,219.99
GALAXY S22+,256gb,unlocked,good,$128.00 ,219.99
GALAXY S22+,256gb,unlocked,fair,$94.00 ,219.99
GALAXY S22+,256gb,unlocked,damaged,$41.00 ,219.99
GALAXY S23,128GB,att,flawless,$146.90 ,219.0
GALAXY S23,128GB,att,good,$136.00 ,219.0
GALAXY S23,128GB,att,fair,$92.00 ,219.0
GALAXY S23,128GB,att,damaged,$52.00 ,219.0
GALAXY S23,128GB,verizon,flawless,$146.90 ,219.0
GALAXY S23,128GB,verizon,good,$138.00 ,219.0
GALAXY S23,128GB,verizon,fair,$92.00 ,219.0
GALAXY S23,128GB,verizon,damaged,$47.00 ,219.0
GALAXY S23,128GB,tmobile,flawless,$133.00 ,219.0
GALAXY S23,128GB,tmobile,good,$116.00 ,219.0
GALAXY S23,128GB,tmobile,fair,$91.00 ,219.0
GALAXY S23,128GB,tmobile,damaged,$37.00 ,219.0
GALAXY S23,128GB,unlocked,flawless,$146.90 ,244.0
GALAXY S23,128GB,unlocked,good,$146.90 ,244.0
GALAXY S23,128GB,unlocked,fair,$107.00 ,244.0
GALAXY S23,128GB,unlocked,damaged,$57.00 ,244.0
GALAXY S23,256gb,att,flawless,$171.00 ,287.75
GALAXY S23,256gb,att,good,$156.00 ,287.75
GALAXY S23,256gb,att,fair,$92.00 ,287.75
GALAXY S23,256gb,att,damaged,$57.00 ,287.75
GALAXY S23,256gb,verizon,flawless,$179.00 ,287.75
GALAXY S23,256gb,verizon,good,$156.00 ,287.75
GALAXY S23,256gb,verizon,fair,$92.00 ,287.75
GALAXY S23,256gb,verizon,damaged,$51.00 ,287.75
GALAXY S23,256gb,tmobile,flawless,$159.00 ,287.75
GALAXY S23,256gb,tmobile,good,$137.00 ,287.75
GALAXY S23,256gb,tmobile,fair,$92.00 ,287.75
GALAXY S23,256gb,tmobile,damaged,$42.00 ,287.75
GALAXY S23,256gb,unlocked,flawless,$183.70 ,312.75
GALAXY S23,256gb,unlocked,good,$176.00 ,312.75
GALAXY S23,256gb,unlocked,fair,$127.00 ,312.75
GALAXY S23,256gb,unlocked,damaged,$62.00 ,312.75
GALAXY S23,512GB,att,flawless,$171.00 ,370.0
GALAXY S23,512GB,att,good,$156.00 ,370.0
GALAXY S23,512GB,att,fair,$92.00 ,370.0
GALAXY S23,512GB,att,damaged,$57.00 ,370.0
GALAXY S23,512GB,verizon,flawless,$179.00 ,370.0
GALAXY S23,512GB,verizon,good,$156.00 ,370.0
GALAXY S23,512GB,verizon,fair,$92.00 ,370.0
GALAXY S23,512GB,verizon,damaged,$51.00 ,370.0
GALAXY S23,512GB,tmobile,flawless,$159.00 ,370.0
GALAXY S23,512GB,tmobile,good,$137.00 ,370.0
GALAXY S23,512GB,tmobile,fair,$92.00 ,370.0
GALAXY S23,512GB,tmobile,damaged,$42.00 ,370.0
GALAXY S23,512GB,unlocked,flawless,$183.70 ,395.0
GALAXY S23,512GB,unlocked,good,$176.00 ,395.0
GALAXY S23,512GB,unlocked,fair,$127.00 ,395.0
GALAXY S23,512GB,unlocked,damaged,$62.00 ,395.0
GALAXY S23 ULTRA,256gb,att,flawless,$283.48 ,385.0
GALAXY S23 ULTRA,256gb,att,good,$254.00 ,385.0
GALAXY S23 ULTRA,256gb,att,fair,$159.00 ,385.0
GALAXY S23 ULTRA,256gb,att,damaged,$106.00 ,385.0
GALAXY S23 ULTRA,256gb,verizon,flawless,$283.48 ,385.0
GALAXY S23 ULTRA,256gb,verizon,good,$241.00 ,385.0
GALAXY S23 ULTRA,256gb,verizon,fair,$142.00 ,385.0
GALAXY S23 ULTRA,256gb,verizon,damaged,$91.00 ,385.0
GALAXY S23 ULTRA,256gb,tmobile,flawless,$269.00 ,385.0
GALAXY S23 ULTRA,256gb,tmobile,good,$211.00 ,385.0
GALAXY S23 ULTRA,256gb,tmobile,fair,$132.00 ,385.0
GALAXY S23 ULTRA,256gb,tmobile,damaged,$67.00 ,385.0
GALAXY S23 ULTRA,256gb,unlocked,flawless,$283.48 ,410.0
GALAXY S23 ULTRA,256gb,unlocked,good,$271.00 ,410.0
GALAXY S23 ULTRA,256gb,unlocked,fair,$187.00 ,410.0
GALAXY S23 ULTRA,256gb,unlocked,damaged,$107.00 ,410.0
GALAXY S23 ULTRA,512GB,att,flawless,$283.48 ,424.0
GALAXY S23 ULTRA,512GB,att,good,$254.00 ,424.0
GALAXY S23 ULTRA,512GB,att,fair,$159.00 ,424.0
GALAXY S23 ULTRA,512GB,att,damaged,$106.00 ,424.0
GALAXY S23 ULTRA,512GB,verizon,flawless,$283.48 ,424.0
GALAXY S23 ULTRA,512GB,verizon,good,$241.00 ,424.0
GALAXY S23 ULTRA,512GB,verizon,fair,$142.00 ,424.0
GALAXY S23 ULTRA,512GB,verizon,damaged,$91.00 ,424.0
GALAXY S23 ULTRA,512GB,tmobile,flawless,$269.00 ,424.0
GALAXY S23 ULTRA,512GB,tmobile,good,$211.00 ,424.0
GALAXY S23 ULTRA,512GB,tmobile,fair,$132.00 ,424.0
GALAXY S23 ULTRA,512GB,tmobile,damaged,$67.00 ,424.0
GALAXY S23 ULTRA,512GB,unlocked,flawless,$283.48 ,449.0
GALAXY S23 ULTRA,512GB,unlocked,good,$271.00 ,449.0
GALAXY S23 ULTRA,512GB,unlocked,fair,$187.00 ,449.0
GALAXY S23 ULTRA,512GB,unlocked,damaged,$107.00 ,449.0
GALAXY S23 ULTRA,1TB,att,flawless,$283.48 ,590.0
GALAXY S23 ULTRA,1TB,att,good,$254.00 ,590.0
GALAXY S23 ULTRA,1TB,att,fair,$159.00 ,590.0
GALAXY S23 ULTRA,1TB,att,damaged,$106.00 ,590.0
GALAXY S23 ULTRA,1TB,verizon,flawless,$283.48 ,590.0
GALAXY S23 ULTRA,1TB,verizon,good,$241.00 ,590.0
GALAXY S23 ULTRA,1TB,verizon,fair,$142.00 ,590.0
GALAXY S23 ULTRA,1TB,verizon,damaged,$91.00 ,590.0
GALAXY S23 ULTRA,1TB,tmobile,flawless,$269.00 ,590.0
GALAXY S23 ULTRA,1TB,tmobile,good,$211.00 ,590.0
GALAXY S23 ULTRA,1TB,tmobile,fair,$132.00 ,590.0
GALAXY S23 ULTRA,1TB,tmobile,damaged,$67.00 ,590.0
GALAXY S23 ULTRA,1TB,unlocked,flawless,$283.48 ,615.0
GALAXY S23 ULTRA,1TB,unlocked,good,$271.00 ,615.0
GALAXY S23 ULTRA,1TB,unlocked,fair,$187.00 ,615.0
GALAXY S23 ULTRA,1TB,unlocked,damaged,$107.00 ,615.0
GALAXY S23+,256GB,att,flawless,$191.06 ,287.0
GALAXY S23+,256GB,att,good,$191.06 ,287.0
GALAXY S23+,256GB,att,fair,$103.00 ,287.0
GALAXY S23+,256GB,att,damaged,$92.00 ,287.0
GALAXY S23+,256GB,verizon,flawless,$191.06 ,287.0
GALAXY S23+,256GB,verizon,good,$191.06 ,287.0
GALAXY S23+,256GB,verizon,fair,$100.00 ,287.0
GALAXY S23+,256GB,verizon,damaged,$72.00 ,287.0
GALAXY S23+,256GB,tmobile,flawless,$183.00 ,287.0
GALAXY S23+,256GB,tmobile,good,$159.00 ,287.0
GALAXY S23+,256GB,tmobile,fair,$90.00 ,287.0
GALAXY S23+,256GB,tmobile,damaged,$67.00 ,287.0
GALAXY S23+,256GB,unlocked,flawless,$191.06 ,312.0
GALAXY S23+,256GB,unlocked,good,$191.06 ,312.0
GALAXY S23+,256GB,unlocked,fair,$132.00 ,312.0
GALAXY S23+,256GB,unlocked,damaged,$112.00 ,312.0
GALAXY S23+,512GB,att,flawless,$205.78 ,370.0
GALAXY S23+,512GB,att,good,$205.78 ,370.0
GALAXY S23+,512GB,att,fair,$122.00 ,370.0
GALAXY S23+,512GB,att,damaged,$97.00 ,370.0
GALAXY S23+,512GB,verizon,flawless,$205.78 ,370.0
GALAXY S23+,512GB,verizon,good,$206.00 ,370.0
GALAXY S23+,512GB,verizon,fair,$104.00 ,370.0
GALAXY S23+,512GB,verizon,damaged,$82.00 ,370.0
GALAXY S23+,512GB,tmobile,flawless,$205.78 ,370.0
GALAXY S23+,512GB,tmobile,good,$176.00 ,370.0
GALAXY S23+,512GB,tmobile,fair,$107.00 ,370.0
GALAXY S23+,512GB,tmobile,damaged,$67.00 ,370.0
GALAXY S23+,512GB,unlocked,flawless,$205.78 ,395.0
GALAXY S23+,512GB,unlocked,good,$205.78 ,395.0
GALAXY S23+,512GB,unlocked,fair,$157.00 ,395.0
GALAXY S23+,512GB,unlocked,damaged,$117.00 ,395.0
GALAXY S23FE,128GB,att,flawless,$88.00 ,184.0
GALAXY S23FE,128GB,att,good,$70.00 ,184.0
GALAXY S23FE,128GB,att,fair,$46.00 ,184.0
GALAXY S23FE,128GB,att,damaged,$27.00 ,184.0
GALAXY S23FE,128GB,verizon,flawless,$124.82 ,184.0
GALAXY S23FE,128GB,verizon,good,$105.00 ,184.0
GALAXY S23FE,128GB,verizon,fair,$46.00 ,184.0
GALAXY S23FE,128GB,verizon,damaged,$27.00 ,184.0
GALAXY S23FE,128GB,tmobile,flawless,$77.00 ,184.0
GALAXY S23FE,128GB,tmobile,good,$61.00 ,184.0
GALAXY S23FE,128GB,tmobile,fair,$43.00 ,184.0
GALAXY S23FE,128GB,tmobile,damaged,$24.00 ,184.0
GALAXY S23FE,128GB,unlocked,flawless,$124.82 ,209.0
GALAXY S23FE,128GB,unlocked,good,$125.00 ,209.0
GALAXY S23FE,128GB,unlocked,fair,$63.00 ,209.0
GALAXY S23FE,128GB,unlocked,damaged,$32.00 ,209.0
GALAXY S23FE,256gb,att,flawless,$98.00 ,292.0
GALAXY S23FE,256gb,att,good,$78.00 ,292.0
GALAXY S23FE,256gb,att,fair,$50.00 ,292.0
GALAXY S23FE,256gb,att,damaged,$32.00 ,292.0
GALAXY S23FE,256gb,verizon,flawless,$142.00 ,292.0
GALAXY S23FE,256gb,verizon,good,$113.00 ,292.0
GALAXY S23FE,256gb,verizon,fair,$50.00 ,292.0
GALAXY S23FE,256gb,verizon,damaged,$32.00 ,292.0
GALAXY S23FE,256gb,tmobile,flawless,$88.00 ,292.0
GALAXY S23FE,256gb,tmobile,good,$70.00 ,292.0
GALAXY S23FE,256gb,tmobile,fair,$49.00 ,292.0
GALAXY S23FE,256gb,tmobile,damaged,$27.00 ,292.0
GALAXY S23FE,256gb,unlocked,flawless,$162.00 ,317.0
GALAXY S23FE,256gb,unlocked,good,$141.00 ,317.0
GALAXY S23FE,256gb,unlocked,fair,$73.00 ,317.0
GALAXY S23FE,256gb,unlocked,damaged,$32.00 ,317.0
GALAXY S24,128GB,att,flawless,$205.78 ,317.0
GALAXY S24,128GB,att,good,$185.00 ,317.0
GALAXY S24,128GB,att,fair,$112.00 ,317.0
GALAXY S24,128GB,att,damaged,$92.00 ,317.0
GALAXY S24,128GB,verizon,flawless,$203.00 ,317.0
GALAXY S24,128GB,verizon,good,$181.00 ,317.0
GALAXY S24,128GB,verizon,fair,$116.00 ,317.0
GALAXY S24,128GB,verizon,damaged,$91.00 ,317.0
GALAXY S24,128GB,tmobile,flawless,$205.78 ,317.0
GALAXY S24,128GB,tmobile,good,$186.00 ,317.0
GALAXY S24,128GB,tmobile,fair,$171.00 ,317.0
GALAXY S24,128GB,tmobile,damaged,$92.00 ,317.0
GALAXY S24,128GB,unlocked,flawless,$205.78 ,342.0
GALAXY S24,128GB,unlocked,good,$205.78 ,342.0
GALAXY S24,128GB,unlocked,fair,$187.00 ,342.0
GALAXY S24,128GB,unlocked,damaged,$132.00 ,342.0
GALAXY S24,256gb,att,flawless,$233.00 ,393.0
GALAXY S24,256gb,att,good,$197.00 ,393.0
GALAXY S24,256gb,att,fair,$142.00 ,393.0
GALAXY S24,256gb,att,damaged,$102.00 ,393.0
GALAXY S24,256gb,verizon,flawless,$215.00 ,393.0
GALAXY S24,256gb,verizon,good,$193.00 ,393.0
GALAXY S24,256gb,verizon,fair,$127.00 ,393.0
GALAXY S24,256gb,verizon,damaged,$102.00 ,393.0
GALAXY S24,256gb,tmobile,flawless,$219.00 ,393.0
GALAXY S24,256gb,tmobile,good,$186.00 ,393.0
GALAXY S24,256gb,tmobile,fair,$137.00 ,393.0
GALAXY S24,256gb,tmobile,damaged,$102.00 ,393.0
GALAXY S24,256gb,unlocked,flawless,$272.02 ,418.0
GALAXY S24,256gb,unlocked,good,$266.00 ,418.0
GALAXY S24,256gb,unlocked,fair,$217.00 ,418.0
GALAXY S24,256gb,unlocked,damaged,$142.00 ,418.0
GALAXY S24 FE,128GB,att,flawless,$164.00 ,274.0
GALAXY S24 FE,128GB,att,good,$136.00 ,274.0
GALAXY S24 FE,128GB,att,fair,$92.00 ,274.0
GALAXY S24 FE,128GB,att,damaged,$66.00 ,274.0
GALAXY S24 FE,128GB,verizon,flawless,$164.00 ,274.0
GALAXY S24 FE,128GB,verizon,good,$131.00 ,274.0
GALAXY S24 FE,128GB,verizon,fair,$88.00 ,274.0
GALAXY S24 FE,128GB,verizon,damaged,$61.00 ,274.0
GALAXY S24 FE,128GB,tmobile,flawless,$148.00 ,274.0
GALAXY S24 FE,128GB,tmobile,good,$122.00 ,274.0
GALAXY S24 FE,128GB,tmobile,fair,$92.00 ,274.0
GALAXY S24 FE,128GB,tmobile,damaged,$52.00 ,274.0
GALAXY S24 FE,128GB,unlocked,flawless,$191.06 ,299.0
GALAXY S24 FE,128GB,unlocked,good,$191.06 ,299.0
GALAXY S24 FE,128GB,unlocked,fair,$127.00 ,299.0
GALAXY S24 FE,128GB,unlocked,damaged,$81.00 ,299.0
GALAXY S24 FE,256gb,att,flawless,$187.00 ,480.0
GALAXY S24 FE,256gb,att,good,$159.00 ,480.0
GALAXY S24 FE,256gb,att,fair,$96.00 ,480.0
GALAXY S24 FE,256gb,att,damaged,$71.00 ,480.0
GALAXY S24 FE,256gb,verizon,flawless,$178.00 ,480.0
GALAXY S24 FE,256gb,verizon,good,$142.00 ,480.0
GALAXY S24 FE,256gb,verizon,fair,$96.00 ,480.0
GALAXY S24 FE,256gb,verizon,damaged,$66.00 ,480.0
GALAXY S24 FE,256gb,tmobile,flawless,$168.00 ,480.0
GALAXY S24 FE,256gb,tmobile,good,$140.00 ,480.0
GALAXY S24 FE,256gb,tmobile,fair,$96.00 ,480.0
GALAXY S24 FE,256gb,tmobile,damaged,$56.00 ,480.0
GALAXY S24 FE,256gb,unlocked,flawless,$205.78 ,505.0
GALAXY S24 FE,256gb,unlocked,good,$205.78 ,505.0
GALAXY S24 FE,256gb,unlocked,fair,$147.00 ,505.0
GALAXY S24 FE,256gb,unlocked,damaged,$86.00 ,505.0
GALAXY S24 ULTRA,256GB,att,flawless,$353.00 ,594.0
GALAXY S24 ULTRA,256GB,att,good,$314.00 ,594.0
GALAXY S24 ULTRA,256GB,att,fair,$232.00 ,594.0
GALAXY S24 ULTRA,256GB,att,damaged,$107.00 ,594.0
GALAXY S24 ULTRA,256GB,verizon,flawless,$333.00 ,594.0
GALAXY S24 ULTRA,256GB,verizon,good,$306.00 ,594.0
GALAXY S24 ULTRA,256GB,verizon,fair,$172.00 ,594.0
GALAXY S24 ULTRA,256GB,verizon,damaged,$102.00 ,594.0
GALAXY S24 ULTRA,256GB,tmobile,flawless,$317.00 ,594.0
GALAXY S24 ULTRA,256GB,tmobile,good,$315.00 ,594.0
GALAXY S24 ULTRA,256GB,tmobile,fair,$182.00 ,594.0
GALAXY S24 ULTRA,256GB,tmobile,damaged,$107.00 ,594.0
GALAXY S24 ULTRA,256GB,unlocked,flawless,$431.48 ,619.0
GALAXY S24 ULTRA,256GB,unlocked,good,$375.00 ,619.0
GALAXY S24 ULTRA,256GB,unlocked,fair,$332.00 ,619.0
GALAXY S24 ULTRA,256GB,unlocked,damaged,$157.00 ,619.0
GALAXY S24 ULTRA,512GB,att,flawless,$398.00 ,674.0
GALAXY S24 ULTRA,512GB,att,good,$337.00 ,674.0
GALAXY S24 ULTRA,512GB,att,fair,$252.00 ,674.0
GALAXY S24 ULTRA,512GB,att,damaged,$122.00 ,674.0
GALAXY S24 ULTRA,512GB,verizon,flawless,$360.00 ,674.0
GALAXY S24 ULTRA,512GB,verizon,good,$309.00 ,674.0
GALAXY S24 ULTRA,512GB,verizon,fair,$212.00 ,674.0
GALAXY S24 ULTRA,512GB,verizon,damaged,$112.00 ,674.0
GALAXY S24 ULTRA,512GB,tmobile,flawless,$362.00 ,674.0
GALAXY S24 ULTRA,512GB,tmobile,good,$293.00 ,674.0
GALAXY S24 ULTRA,512GB,tmobile,fair,$202.00 ,674.0
GALAXY S24 ULTRA,512GB,tmobile,damaged,$122.00 ,674.0
GALAXY S24 ULTRA,512GB,unlocked,flawless,$455.48 ,699.0
GALAXY S24 ULTRA,512GB,unlocked,good,$421.00 ,699.0
GALAXY S24 ULTRA,512GB,unlocked,fair,$352.00 ,699.0
GALAXY S24 ULTRA,512GB,unlocked,damaged,$172.00 ,699.0
GALAXY S24 ULTRA,1TB,att,flawless,$398.00 ,772.0
GALAXY S24 ULTRA,1TB,att,good,$337.00 ,772.0
GALAXY S24 ULTRA,1TB,att,fair,$252.00 ,772.0
GALAXY S24 ULTRA,1TB,att,damaged,$122.00 ,772.0
GALAXY S24 ULTRA,1TB,verizon,flawless,$360.00 ,772.0
GALAXY S24 ULTRA,1TB,verizon,good,$309.00 ,772.0
GALAXY S24 ULTRA,1TB,verizon,fair,$212.00 ,772.0
GALAXY S24 ULTRA,1TB,verizon,damaged,$112.00 ,772.0
GALAXY S24 ULTRA,1TB,tmobile,flawless,$362.00 ,772.0
GALAXY S24 ULTRA,1TB,tmobile,good,$293.00 ,772.0
GALAXY S24 ULTRA,1TB,tmobile,fair,$202.00 ,772.0
GALAXY S24 ULTRA,1TB,tmobile,damaged,$122.00 ,772.0
GALAXY S24 ULTRA,1TB,unlocked,flawless,$455.48 ,797.0
GALAXY S24 ULTRA,1TB,unlocked,good,$421.00 ,797.0
GALAXY S24 ULTRA,1TB,unlocked,fair,$352.00 ,797.0
GALAXY S24 ULTRA,1TB,unlocked,damaged,$172.00 ,797.0
GALAXY S24+,256GB,att,flawless,$264.00 ,404.0
GALAXY S24+,256GB,att,good,$231.00 ,404.0
GALAXY S24+,256GB,att,fair,$147.00 ,404.0
GALAXY S24+,256GB,att,damaged,$91.00 ,404.0
GALAXY S24+,256GB,verizon,flawless,$242.00 ,404.0
GALAXY S24+,256GB,verizon,good,$223.00 ,404.0
GALAXY S24+,256GB,verizon,fair,$152.00 ,404.0
GALAXY S24+,256GB,verizon,damaged,$86.00 ,404.0
GALAXY S24+,256GB,tmobile,flawless,$231.00 ,404.0
GALAXY S24+,256GB,tmobile,good,$211.00 ,404.0
GALAXY S24+,256GB,tmobile,fair,$142.00 ,404.0
GALAXY S24+,256GB,tmobile,damaged,$77.00 ,404.0
GALAXY S24+,256GB,unlocked,flawless,$287.48 ,429.0
GALAXY S24+,256GB,unlocked,good,$287.48 ,429.0
GALAXY S24+,256GB,unlocked,fair,$222.00 ,429.0
GALAXY S24+,256GB,unlocked,damaged,$107.00 ,429.0
GALAXY S24+,512GB,att,flawless,$336.00 ,484.0
GALAXY S24+,512GB,att,good,$281.00 ,484.0
GALAXY S24+,512GB,att,fair,$217.00 ,484.0
GALAXY S24+,512GB,att,damaged,$101.00 ,484.0
GALAXY S24+,512GB,verizon,flawless,$284.00 ,484.0
GALAXY S24+,512GB,verizon,good,$259.00 ,484.0
GALAXY S24+,512GB,verizon,fair,$187.00 ,484.0
GALAXY S24+,512GB,verizon,damaged,$101.00 ,484.0
GALAXY S24+,512GB,tmobile,flawless,$273.00 ,484.0
GALAXY S24+,512GB,tmobile,good,$251.00 ,484.0
GALAXY S24+,512GB,tmobile,fair,$192.00 ,484.0
GALAXY S24+,512GB,tmobile,damaged,$82.00 ,484.0
GALAXY S24+,512GB,unlocked,flawless,$371.48 ,509.0
GALAXY S24+,512GB,unlocked,good,$351.00 ,509.0
GALAXY S24+,512GB,unlocked,fair,$292.00 ,509.0
GALAXY S24+,512GB,unlocked,damaged,$117.00 ,509.0
GALAXY S25,128GB,att,flawless,$295.48 ,374.0
GALAXY S25,128GB,att,good,$275.00 ,374.0
GALAXY S25,128GB,att,fair,$177.00 ,374.0
GALAXY S25,128GB,att,damaged,$81.00 ,374.0
GALAXY S25,128GB,verizon,flawless,$295.48 ,374.0
GALAXY S25,128GB,verizon,good,$258.00 ,374.0
GALAXY S25,128GB,verizon,fair,$169.00 ,374.0
GALAXY S25,128GB,verizon,damaged,$81.00 ,374.0
GALAXY S25,128GB,tmobile,flawless,$284.00 ,374.0
GALAXY S25,128GB,tmobile,good,$240.00 ,374.0
GALAXY S25,128GB,tmobile,fair,$152.00 ,374.0
GALAXY S25,128GB,tmobile,damaged,$76.00 ,374.0
GALAXY S25,128GB,unlocked,flawless,$295.48 ,399.0
GALAXY S25,128GB,unlocked,good,$295.48 ,399.0
GALAXY S25,128GB,unlocked,fair,$252.00 ,399.0
GALAXY S25,128GB,unlocked,damaged,$87.00 ,399.0
GALAXY S25,256gb,att,flawless,$344.00 ,552.0
GALAXY S25,256gb,att,good,$290.00 ,552.0
GALAXY S25,256gb,att,fair,$207.00 ,552.0
GALAXY S25,256gb,att,damaged,$91.00 ,552.0
GALAXY S25,256gb,verizon,flawless,$323.00 ,552.0
GALAXY S25,256gb,verizon,good,$283.00 ,552.0
GALAXY S25,256gb,verizon,fair,$169.00 ,552.0
GALAXY S25,256gb,verizon,damaged,$91.00 ,552.0
GALAXY S25,256gb,tmobile,flawless,$316.00 ,552.0
GALAXY S25,256gb,tmobile,good,$267.00 ,552.0
GALAXY S25,256gb,tmobile,fair,$182.00 ,552.0
GALAXY S25,256gb,tmobile,damaged,$86.00 ,552.0
GALAXY S25,256gb,unlocked,flawless,$375.48 ,577.0
GALAXY S25,256gb,unlocked,good,$351.00 ,577.0
GALAXY S25,256gb,unlocked,fair,$282.00 ,577.0
GALAXY S25,256gb,unlocked,damaged,$97.00 ,577.0
GALAXY S25 EDGE,256gb,att,flawless,$367.00 ,504.0
GALAXY S25 EDGE,256gb,att,good,$316.00 ,504.0
GALAXY S25 EDGE,256gb,att,fair,$227.00 ,504.0
GALAXY S25 EDGE,256gb,att,damaged,$92.00 ,504.0
GALAXY S25 EDGE,256gb,verizon,flawless,$363.00 ,504.0
GALAXY S25 EDGE,256gb,verizon,good,$312.00 ,504.0
GALAXY S25 EDGE,256gb,verizon,fair,$202.00 ,504.0
GALAXY S25 EDGE,256gb,verizon,damaged,$87.00 ,504.0
GALAXY S25 EDGE,256gb,tmobile,flawless,$392.00 ,504.0
GALAXY S25 EDGE,256gb,tmobile,good,$341.00 ,504.0
GALAXY S25 EDGE,256gb,tmobile,fair,$252.00 ,504.0
GALAXY S25 EDGE,256gb,tmobile,damaged,$87.00 ,504.0
GALAXY S25 EDGE,256gb,unlocked,flawless,$399.48 ,529.0
GALAXY S25 EDGE,256gb,unlocked,good,$399.48 ,529.0
GALAXY S25 EDGE,256gb,unlocked,fair,$352.00 ,529.0
GALAXY S25 EDGE,256gb,unlocked,damaged,$107.00 ,529.0
GALAXY S25 EDGE,512GB,att,flawless,$392.00 ,589.0
GALAXY S25 EDGE,512GB,att,good,$341.00 ,589.0
GALAXY S25 EDGE,512GB,att,fair,$252.00 ,589.0
GALAXY S25 EDGE,512GB,att,damaged,$92.00 ,589.0
GALAXY S25 EDGE,512GB,verizon,flawless,$368.00 ,589.0
GALAXY S25 EDGE,512GB,verizon,good,$317.00 ,589.0
GALAXY S25 EDGE,512GB,verizon,fair,$232.00 ,589.0
GALAXY S25 EDGE,512GB,verizon,damaged,$92.00 ,589.0
GALAXY S25 EDGE,512GB,tmobile,flawless,$417.00 ,589.0
GALAXY S25 EDGE,512GB,tmobile,good,$366.00 ,589.0
GALAXY S25 EDGE,512GB,tmobile,fair,$277.00 ,589.0
GALAXY S25 EDGE,512GB,tmobile,damaged,$92.00 ,589.0
GALAXY S25 EDGE,512GB,unlocked,flawless,$479.48 ,614.0
GALAXY S25 EDGE,512GB,unlocked,good,$466.00 ,614.0
GALAXY S25 EDGE,512GB,unlocked,fair,$377.00 ,614.0
GALAXY S25 EDGE,512GB,unlocked,damaged,$117.00 ,614.0
GALAXY S25 ULTRA,128GB,att,flawless,$539.00 ,$766.97 
GALAXY S25 ULTRA,128GB,att,good,$496.00 ,$766.97 
GALAXY S25 ULTRA,128GB,att,fair,$421.00 ,$766.97 
GALAXY S25 ULTRA,128GB,att,damaged,$191.00 ,$766.97 
GALAXY S25 ULTRA,128GB,verizon,flawless,$538.00 ,$766.97 
GALAXY S25 ULTRA,128GB,verizon,good,$468.00 ,$766.97 
GALAXY S25 ULTRA,128GB,verizon,fair,$402.00 ,$766.97 
GALAXY S25 ULTRA,128GB,verizon,damaged,$215.00 ,$766.97 
GALAXY S25 ULTRA,128GB,tmobile,flawless,$488.00 ,$766.97 
GALAXY S25 ULTRA,128GB,tmobile,good,$446.00 ,$766.97 
GALAXY S25 ULTRA,128GB,tmobile,fair,$372.00 ,$766.97 
GALAXY S25 ULTRA,128GB,tmobile,damaged,$191.00 ,$766.97 
GALAXY S25 ULTRA,128GB,unlocked,flawless,$575.48 ,$786.97 
GALAXY S25 ULTRA,128GB,unlocked,good,$575.48 ,$786.97 
GALAXY S25 ULTRA,128GB,unlocked,fair,$521.00 ,$786.97 
GALAXY S25 ULTRA,128GB,unlocked,damaged,$202.00 ,$786.97 
GALAXY S25 ULTRA,256GB,att,flawless,$539.00 ,815.0
GALAXY S25 ULTRA,256GB,att,good,$496.00 ,815.0
GALAXY S25 ULTRA,256GB,att,fair,$421.00 ,815.0
GALAXY S25 ULTRA,256GB,att,damaged,$191.00 ,815.0
GALAXY S25 ULTRA,256GB,verizon,flawless,$538.00 ,815.0
GALAXY S25 ULTRA,256GB,verizon,good,$468.00 ,815.0
GALAXY S25 ULTRA,256GB,verizon,fair,$402.00 ,815.0
GALAXY S25 ULTRA,256GB,verizon,damaged,$215.00 ,815.0
GALAXY S25 ULTRA,256GB,tmobile,flawless,$488.00 ,815.0
GALAXY S25 ULTRA,256GB,tmobile,good,$446.00 ,815.0
GALAXY S25 ULTRA,256GB,tmobile,fair,$372.00 ,815.0
GALAXY S25 ULTRA,256GB,tmobile,damaged,$191.00 ,815.0
GALAXY S25 ULTRA,256GB,unlocked,flawless,$575.48 ,840.0
GALAXY S25 ULTRA,256GB,unlocked,good,$575.48 ,840.0
GALAXY S25 ULTRA,256GB,unlocked,fair,$521.00 ,840.0
GALAXY S25 ULTRA,256GB,unlocked,damaged,$202.00 ,840.0
GALAXY S25 ULTRA,512GB,att,flawless,$574.00 ,888.41
GALAXY S25 ULTRA,512GB,att,good,$526.00 ,888.41
GALAXY S25 ULTRA,512GB,att,fair,$476.00 ,888.41
GALAXY S25 ULTRA,512GB,att,damaged,$211.00 ,888.41
GALAXY S25 ULTRA,512GB,verizon,flawless,$596.00 ,888.41
GALAXY S25 ULTRA,512GB,verizon,good,$529.00 ,888.41
GALAXY S25 ULTRA,512GB,verizon,fair,$479.00 ,888.41
GALAXY S25 ULTRA,512GB,verizon,damaged,$235.00 ,888.41
GALAXY S25 ULTRA,512GB,tmobile,flawless,$523.00 ,888.41
GALAXY S25 ULTRA,512GB,tmobile,good,$484.00 ,888.41
GALAXY S25 ULTRA,512GB,tmobile,fair,$426.00 ,888.41
GALAXY S25 ULTRA,512GB,tmobile,damaged,$211.00 ,888.41
GALAXY S25 ULTRA,512GB,unlocked,flawless,$667.48 ,913.41
GALAXY S25 ULTRA,512GB,unlocked,good,$631.00 ,913.41
GALAXY S25 ULTRA,512GB,unlocked,fair,$576.00 ,913.41
GALAXY S25 ULTRA,512GB,unlocked,damaged,$222.00 ,913.41
GALAXY S25 ULTRA,1TB,att,flawless,$574.00 ,1164.5
GALAXY S25 ULTRA,1TB,att,good,$526.00 ,1164.5
GALAXY S25 ULTRA,1TB,att,fair,$476.00 ,1164.5
GALAXY S25 ULTRA,1TB,att,damaged,$211.00 ,1164.5
GALAXY S25 ULTRA,1TB,verizon,flawless,$596.00 ,1164.5
GALAXY S25 ULTRA,1TB,verizon,good,$529.00 ,1164.5
GALAXY S25 ULTRA,1TB,verizon,fair,$479.00 ,1164.5
GALAXY S25 ULTRA,1TB,verizon,damaged,$235.00 ,1164.5
GALAXY S25 ULTRA,1TB,tmobile,flawless,$523.00 ,1164.5
GALAXY S25 ULTRA,1TB,tmobile,good,$484.00 ,1164.5
GALAXY S25 ULTRA,1TB,tmobile,fair,$426.00 ,1164.5
GALAXY S25 ULTRA,1TB,tmobile,damaged,$211.00 ,1164.5
GALAXY S25 ULTRA,1TB,unlocked,flawless,$667.48 ,1189.5
GALAXY S25 ULTRA,1TB,unlocked,good,$631.00 ,1189.5
GALAXY S25 ULTRA,1TB,unlocked,fair,$576.00 ,1189.5
GALAXY S25 ULTRA,1TB,unlocked,damaged,$222.00 ,1189.5
GALAXY S25+,256GB,att,flawless,$399.48 ,557.51
GALAXY S25+,256GB,att,good,$356.00 ,557.51
GALAXY S25+,256GB,att,fair,$282.00 ,557.51
GALAXY S25+,256GB,att,damaged,$87.00 ,557.51
GALAXY S25+,256GB,verizon,flawless,$398.00 ,557.51
GALAXY S25+,256GB,verizon,good,$356.00 ,557.51
GALAXY S25+,256GB,verizon,fair,$172.00 ,557.51
GALAXY S25+,256GB,verizon,damaged,$86.00 ,557.51
GALAXY S25+,256GB,tmobile,flawless,$388.00 ,557.51
GALAXY S25+,256GB,tmobile,good,$331.00 ,557.51
GALAXY S25+,256GB,tmobile,fair,$262.00 ,557.51
GALAXY S25+,256GB,tmobile,damaged,$82.00 ,557.51
GALAXY S25+,256GB,unlocked,flawless,$399.48 ,582.51
GALAXY S25+,256GB,unlocked,good,$399.48 ,582.51
GALAXY S25+,256GB,unlocked,fair,$357.00 ,582.51
GALAXY S25+,256GB,unlocked,damaged,$92.00 ,582.51
GALAXY S25+,512GB,att,flawless,$468.00 ,724.0
GALAXY S25+,512GB,att,good,$406.00 ,724.0
GALAXY S25+,512GB,att,fair,$342.00 ,724.0
GALAXY S25+,512GB,att,damaged,$97.00 ,724.0
GALAXY S25+,512GB,verizon,flawless,$468.00 ,724.0
GALAXY S25+,512GB,verizon,good,$406.00 ,724.0
GALAXY S25+,512GB,verizon,fair,$192.00 ,724.0
GALAXY S25+,512GB,verizon,damaged,$96.00 ,724.0
GALAXY S25+,512GB,tmobile,flawless,$435.00 ,724.0
GALAXY S25+,512GB,tmobile,good,$382.00 ,724.0
GALAXY S25+,512GB,tmobile,fair,$317.00 ,724.0
GALAXY S25+,512GB,tmobile,damaged,$92.00 ,724.0
GALAXY S25+,512GB,unlocked,flawless,$483.48 ,749.0
GALAXY S25+,512GB,unlocked,good,$481.00 ,749.0
GALAXY S25+,512GB,unlocked,fair,$417.00 ,749.0
GALAXY S25+,512GB,unlocked,damaged,$102.00 ,749.0
GALAXY Z FLIP 4,128GB,att,flawless,$107.00 ,194.0
GALAXY Z FLIP 4,128GB,att,good,$86.00 ,194.0
GALAXY Z FLIP 4,128GB,att,fair,$47.00 ,194.0
GALAXY Z FLIP 4,128GB,att,damaged,$21.00 ,194.0
GALAXY Z FLIP 4,128GB,verizon,flawless,$97.00 ,194.0
GALAXY Z FLIP 4,128GB,verizon,good,$81.00 ,194.0
GALAXY Z FLIP 4,128GB,verizon,fair,$42.00 ,194.0
GALAXY Z FLIP 4,128GB,verizon,damaged,$25.00 ,194.0
GALAXY Z FLIP 4,128GB,tmobile,flawless,$107.00 ,194.0
GALAXY Z FLIP 4,128GB,tmobile,good,$86.00 ,194.0
GALAXY Z FLIP 4,128GB,tmobile,fair,$47.00 ,194.0
GALAXY Z FLIP 4,128GB,tmobile,damaged,$21.00 ,194.0
GALAXY Z FLIP 4,128GB,unlocked,flawless,$124.82 ,219.0
GALAXY Z FLIP 4,128GB,unlocked,good,$118.00 ,219.0
GALAXY Z FLIP 4,128GB,unlocked,fair,$78.00 ,219.0
GALAXY Z FLIP 4,128GB,unlocked,damaged,$27.00 ,219.0
GALAXY Z FLIP 4,256GB,att,flawless,$107.00 ,214.99
GALAXY Z FLIP 4,256GB,att,good,$86.00 ,214.99
GALAXY Z FLIP 4,256GB,att,fair,$47.00 ,214.99
GALAXY Z FLIP 4,256GB,att,damaged,$21.00 ,214.99
GALAXY Z FLIP 4,256GB,verizon,flawless,$97.00 ,214.99
GALAXY Z FLIP 4,256GB,verizon,good,$81.00 ,214.99
GALAXY Z FLIP 4,256GB,verizon,fair,$42.00 ,214.99
GALAXY Z FLIP 4,256GB,verizon,damaged,$25.00 ,214.99
GALAXY Z FLIP 4,256GB,tmobile,flawless,$107.00 ,214.99
GALAXY Z FLIP 4,256GB,tmobile,good,$86.00 ,214.99
GALAXY Z FLIP 4,256GB,tmobile,fair,$47.00 ,214.99
GALAXY Z FLIP 4,256GB,tmobile,damaged,$21.00 ,214.99
GALAXY Z FLIP 4,256GB,unlocked,flawless,$124.82 ,239.99
GALAXY Z FLIP 4,256GB,unlocked,good,$118.00 ,239.99
GALAXY Z FLIP 4,256GB,unlocked,fair,$78.00 ,239.99
GALAXY Z FLIP 4,256GB,unlocked,damaged,$27.00 ,239.99
GALAXY Z FLIP 4,512GB,att,flawless,$107.00 ,335.78
GALAXY Z FLIP 4,512GB,att,good,$86.00 ,335.78
GALAXY Z FLIP 4,512GB,att,fair,$47.00 ,335.78
GALAXY Z FLIP 4,512GB,att,damaged,$21.00 ,335.78
GALAXY Z FLIP 4,512GB,verizon,flawless,$97.00 ,335.78
GALAXY Z FLIP 4,512GB,verizon,good,$81.00 ,335.78
GALAXY Z FLIP 4,512GB,verizon,fair,$42.00 ,335.78
GALAXY Z FLIP 4,512GB,verizon,damaged,$25.00 ,335.78
GALAXY Z FLIP 4,512GB,tmobile,flawless,$107.00 ,335.78
GALAXY Z FLIP 4,512GB,tmobile,good,$86.00 ,335.78
GALAXY Z FLIP 4,512GB,tmobile,fair,$47.00 ,335.78
GALAXY Z FLIP 4,512GB,tmobile,damaged,$21.00 ,335.78
GALAXY Z FLIP 4,512GB,unlocked,flawless,$124.82 ,360.78
GALAXY Z FLIP 4,512GB,unlocked,good,$118.00 ,360.78
GALAXY Z FLIP 4,512GB,unlocked,fair,$78.00 ,360.78
GALAXY Z FLIP 4,512GB,unlocked,damaged,$27.00 ,360.78
GALAXY Z FLIP 5,256GB,att,flawless,$194.74 ,287.9
GALAXY Z FLIP 5,256GB,att,good,$161.00 ,287.9
GALAXY Z FLIP 5,256GB,att,fair,$133.00 ,287.9
GALAXY Z FLIP 5,256GB,att,damaged,$46.00 ,287.9
GALAXY Z FLIP 5,256GB,verizon,flawless,$192.00 ,287.9
GALAXY Z FLIP 5,256GB,verizon,good,$161.00 ,287.9
GALAXY Z FLIP 5,256GB,verizon,fair,$132.00 ,287.9
GALAXY Z FLIP 5,256GB,verizon,damaged,$36.00 ,287.9
GALAXY Z FLIP 5,256GB,tmobile,flawless,$194.74 ,287.9
GALAXY Z FLIP 5,256GB,tmobile,good,$154.00 ,287.9
GALAXY Z FLIP 5,256GB,tmobile,fair,$127.00 ,287.9
GALAXY Z FLIP 5,256GB,tmobile,damaged,$46.00 ,287.9
GALAXY Z FLIP 5,256GB,unlocked,flawless,$194.74 ,312.9
GALAXY Z FLIP 5,256GB,unlocked,good,$194.74 ,312.9
GALAXY Z FLIP 5,256GB,unlocked,fair,$164.00 ,312.9
GALAXY Z FLIP 5,256GB,unlocked,damaged,$76.00 ,312.9
GALAXY Z FLIP 5,512GB,att,flawless,$194.74 ,305.95
GALAXY Z FLIP 5,512GB,att,good,$161.00 ,305.95
GALAXY Z FLIP 5,512GB,att,fair,$133.00 ,305.95
GALAXY Z FLIP 5,512GB,att,damaged,$46.00 ,305.95
GALAXY Z FLIP 5,512GB,verizon,flawless,$192.00 ,305.95
GALAXY Z FLIP 5,512GB,verizon,good,$161.00 ,305.95
GALAXY Z FLIP 5,512GB,verizon,fair,$132.00 ,305.95
GALAXY Z FLIP 5,512GB,verizon,damaged,$36.00 ,305.95
GALAXY Z FLIP 5,512GB,tmobile,flawless,$194.74 ,305.95
GALAXY Z FLIP 5,512GB,tmobile,good,$154.00 ,305.95
GALAXY Z FLIP 5,512GB,tmobile,fair,$127.00 ,305.95
GALAXY Z FLIP 5,512GB,tmobile,damaged,$46.00 ,305.95
GALAXY Z FLIP 5,512GB,unlocked,flawless,$194.74 ,330.95
GALAXY Z FLIP 5,512GB,unlocked,good,$194.74 ,330.95
GALAXY Z FLIP 5,512GB,unlocked,fair,$164.00 ,330.95
GALAXY Z FLIP 5,512GB,unlocked,damaged,$76.00 ,330.95
GALAXY Z FLIP 6,256GB,att,flawless,$257.30 ,339.0
GALAXY Z FLIP 6,256GB,att,good,$235.00 ,339.0
GALAXY Z FLIP 6,256GB,att,fair,$190.00 ,339.0
GALAXY Z FLIP 6,256GB,att,damaged,$46.00 ,339.0
GALAXY Z FLIP 6,256GB,verizon,flawless,$257.30 ,339.0
GALAXY Z FLIP 6,256GB,verizon,good,$222.00 ,339.0
GALAXY Z FLIP 6,256GB,verizon,fair,$132.00 ,339.0
GALAXY Z FLIP 6,256GB,verizon,damaged,$42.00 ,339.0
GALAXY Z FLIP 6,256GB,tmobile,flawless,$257.30 ,339.0
GALAXY Z FLIP 6,256GB,tmobile,good,$226.00 ,339.0
GALAXY Z FLIP 6,256GB,tmobile,fair,$181.00 ,339.0
GALAXY Z FLIP 6,256GB,tmobile,damaged,$44.00 ,339.0
GALAXY Z FLIP 6,256GB,unlocked,flawless,$257.30 ,364.0
GALAXY Z FLIP 6,256GB,unlocked,good,$257.30 ,364.0
GALAXY Z FLIP 6,256GB,unlocked,fair,$233.00 ,364.0
GALAXY Z FLIP 6,256GB,unlocked,damaged,$62.00 ,364.0
GALAXY Z FLIP 6,512GB,att,flawless,$257.30 ,374.0
GALAXY Z FLIP 6,512GB,att,good,$235.00 ,374.0
GALAXY Z FLIP 6,512GB,att,fair,$190.00 ,374.0
GALAXY Z FLIP 6,512GB,att,damaged,$46.00 ,374.0
GALAXY Z FLIP 6,512GB,verizon,flawless,$257.30 ,374.0
GALAXY Z FLIP 6,512GB,verizon,good,$222.00 ,374.0
GALAXY Z FLIP 6,512GB,verizon,fair,$132.00 ,374.0
GALAXY Z FLIP 6,512GB,verizon,damaged,$42.00 ,374.0
GALAXY Z FLIP 6,512GB,tmobile,flawless,$257.30 ,374.0
GALAXY Z FLIP 6,512GB,tmobile,good,$226.00 ,374.0
GALAXY Z FLIP 6,512GB,tmobile,fair,$181.00 ,374.0
GALAXY Z FLIP 6,512GB,tmobile,damaged,$44.00 ,374.0
GALAXY Z FLIP 6,512GB,unlocked,flawless,$257.30 ,399.0
GALAXY Z FLIP 6,512GB,unlocked,good,$257.30 ,399.0
GALAXY Z FLIP 6,512GB,unlocked,fair,$233.00 ,399.0
GALAXY Z FLIP 6,512GB,unlocked,damaged,$62.00 ,399.0
GALAXY Z FOLD 4,256GB,att,flawless,$252.00 ,364.0
GALAXY Z FOLD 4,256GB,att,good,$221.00 ,364.0
GALAXY Z FOLD 4,256GB,att,fair,$157.00 ,364.0
GALAXY Z FOLD 4,256GB,att,damaged,$61.00 ,364.0
GALAXY Z FOLD 4,256GB,verizon,flawless,$256.00 ,364.0
GALAXY Z FOLD 4,256GB,verizon,good,$206.00 ,364.0
GALAXY Z FOLD 4,256GB,verizon,fair,$140.00 ,364.0
GALAXY Z FOLD 4,256GB,verizon,damaged,$46.00 ,364.0
GALAXY Z FOLD 4,256GB,tmobile,flawless,$252.00 ,364.0
GALAXY Z FOLD 4,256GB,tmobile,good,$221.00 ,364.0
GALAXY Z FOLD 4,256GB,tmobile,fair,$157.00 ,364.0
GALAXY Z FOLD 4,256GB,tmobile,damaged,$41.00 ,364.0
GALAXY Z FOLD 4,256GB,unlocked,flawless,$279.48 ,389.0
GALAXY Z FOLD 4,256GB,unlocked,good,$251.00 ,389.0
GALAXY Z FOLD 4,256GB,unlocked,fair,$187.00 ,389.0
GALAXY Z FOLD 4,256GB,unlocked,damaged,$71.00 ,389.0
GALAXY Z FOLD 4,512GB,att,flawless,$252.00 ,372.94
GALAXY Z FOLD 4,512GB,att,good,$221.00 ,372.94
GALAXY Z FOLD 4,512GB,att,fair,$157.00 ,372.94
GALAXY Z FOLD 4,512GB,att,damaged,$61.00 ,372.94
GALAXY Z FOLD 4,512GB,verizon,flawless,$256.00 ,372.94
GALAXY Z FOLD 4,512GB,verizon,good,$206.00 ,372.94
GALAXY Z FOLD 4,512GB,verizon,fair,$140.00 ,372.94
GALAXY Z FOLD 4,512GB,verizon,damaged,$46.00 ,372.94
GALAXY Z FOLD 4,512GB,tmobile,flawless,$252.00 ,372.94
GALAXY Z FOLD 4,512GB,tmobile,good,$221.00 ,372.94
GALAXY Z FOLD 4,512GB,tmobile,fair,$157.00 ,372.94
GALAXY Z FOLD 4,512GB,tmobile,damaged,$41.00 ,372.94
GALAXY Z FOLD 4,512GB,unlocked,flawless,$279.48 ,397.94
GALAXY Z FOLD 4,512GB,unlocked,good,$251.00 ,397.94
GALAXY Z FOLD 4,512GB,unlocked,fair,$187.00 ,397.94
GALAXY Z FOLD 4,512GB,unlocked,damaged,$71.00 ,397.94
GALAXY Z FOLD 4,1TB,att,flawless,$252.00 ,450.0
GALAXY Z FOLD 4,1TB,att,good,$221.00 ,450.0
GALAXY Z FOLD 4,1TB,att,fair,$157.00 ,450.0
GALAXY Z FOLD 4,1TB,att,damaged,$61.00 ,450.0
GALAXY Z FOLD 4,1TB,verizon,flawless,$256.00 ,450.0
GALAXY Z FOLD 4,1TB,verizon,good,$206.00 ,450.0
GALAXY Z FOLD 4,1TB,verizon,fair,$140.00 ,450.0
GALAXY Z FOLD 4,1TB,verizon,damaged,$46.00 ,450.0
GALAXY Z FOLD 4,1TB,tmobile,flawless,$252.00 ,450.0
GALAXY Z FOLD 4,1TB,tmobile,good,$221.00 ,450.0
GALAXY Z FOLD 4,1TB,tmobile,fair,$157.00 ,450.0
GALAXY Z FOLD 4,1TB,tmobile,damaged,$41.00 ,450.0
GALAXY Z FOLD 4,1TB,unlocked,flawless,$279.48 ,475.0
GALAXY Z FOLD 4,1TB,unlocked,good,$251.00 ,475.0
GALAXY Z FOLD 4,1TB,unlocked,fair,$187.00 ,475.0
GALAXY Z FOLD 4,1TB,unlocked,damaged,$71.00 ,475.0
GALAXY Z FOLD 5,256GB,att,flawless,$332.00 ,474.97
GALAXY Z FOLD 5,256GB,att,good,$288.00 ,474.97
GALAXY Z FOLD 5,256GB,att,fair,$202.00 ,474.97
GALAXY Z FOLD 5,256GB,att,damaged,$96.00 ,474.97
GALAXY Z FOLD 5,256GB,verizon,flawless,$331.48 ,474.97
GALAXY Z FOLD 5,256GB,verizon,good,$291.00 ,474.97
GALAXY Z FOLD 5,256GB,verizon,fair,$199.00 ,474.97
GALAXY Z FOLD 5,256GB,verizon,damaged,$96.00 ,474.97
GALAXY Z FOLD 5,256GB,tmobile,flawless,$287.00 ,474.97
GALAXY Z FOLD 5,256GB,tmobile,good,$248.00 ,474.97
GALAXY Z FOLD 5,256GB,tmobile,fair,$217.00 ,474.97
GALAXY Z FOLD 5,256GB,tmobile,damaged,$81.00 ,474.97
GALAXY Z FOLD 5,256GB,unlocked,flawless,$331.48 ,499.97
GALAXY Z FOLD 5,256GB,unlocked,good,$331.48 ,499.97
GALAXY Z FOLD 5,256GB,unlocked,fair,$303.00 ,499.97
GALAXY Z FOLD 5,256GB,unlocked,damaged,$106.00 ,499.97
GALAXY Z FOLD 5,512GB,att,flawless,$332.00 ,494.99
GALAXY Z FOLD 5,512GB,att,good,$288.00 ,494.99
GALAXY Z FOLD 5,512GB,att,fair,$202.00 ,494.99
GALAXY Z FOLD 5,512GB,att,damaged,$96.00 ,494.99
GALAXY Z FOLD 5,512GB,verizon,flawless,$331.48 ,494.99
GALAXY Z FOLD 5,512GB,verizon,good,$291.00 ,494.99
GALAXY Z FOLD 5,512GB,verizon,fair,$199.00 ,494.99
GALAXY Z FOLD 5,512GB,verizon,damaged,$96.00 ,494.99
GALAXY Z FOLD 5,512GB,tmobile,flawless,$287.00 ,494.99
GALAXY Z FOLD 5,512GB,tmobile,good,$248.00 ,494.99
GALAXY Z FOLD 5,512GB,tmobile,fair,$217.00 ,494.99
GALAXY Z FOLD 5,512GB,tmobile,damaged,$81.00 ,494.99
GALAXY Z FOLD 5,512GB,unlocked,flawless,$331.48 ,519.99
GALAXY Z FOLD 5,512GB,unlocked,good,$331.48 ,519.99
GALAXY Z FOLD 5,512GB,unlocked,fair,$303.00 ,519.99
GALAXY Z FOLD 5,512GB,unlocked,damaged,$106.00 ,519.99
GALAXY Z FOLD 5,1TB,att,flawless,$332.00 ,634.99
GALAXY Z FOLD 5,1TB,att,good,$288.00 ,634.99
GALAXY Z FOLD 5,1TB,att,fair,$202.00 ,634.99
GALAXY Z FOLD 5,1TB,att,damaged,$96.00 ,634.99
GALAXY Z FOLD 5,1TB,verizon,flawless,$331.48 ,634.99
GALAXY Z FOLD 5,1TB,verizon,good,$291.00 ,634.99
GALAXY Z FOLD 5,1TB,verizon,fair,$199.00 ,634.99
GALAXY Z FOLD 5,1TB,verizon,damaged,$96.00 ,634.99
GALAXY Z FOLD 5,1TB,tmobile,flawless,$287.00 ,634.99
GALAXY Z FOLD 5,1TB,tmobile,good,$248.00 ,634.99
GALAXY Z FOLD 5,1TB,tmobile,fair,$217.00 ,634.99
GALAXY Z FOLD 5,1TB,tmobile,damaged,$81.00 ,634.99
GALAXY Z FOLD 5,1TB,unlocked,flawless,$331.48 ,659.99
GALAXY Z FOLD 5,1TB,unlocked,good,$331.48 ,659.99
GALAXY Z FOLD 5,1TB,unlocked,fair,$303.00 ,659.99
GALAXY Z FOLD 5,1TB,unlocked,damaged,$106.00 ,659.99
GALAXY Z FOLD 6,256GB,att,flawless,$452.00 ,581.94
GALAXY Z FOLD 6,256GB,att,good,$395.00 ,581.94
GALAXY Z FOLD 6,256GB,att,fair,$307.00 ,581.94
GALAXY Z FOLD 6,256GB,att,damaged,$142.00 ,581.94
GALAXY Z FOLD 6,256GB,verizon,flawless,$458.00 ,581.94
GALAXY Z FOLD 6,256GB,verizon,good,$400.00 ,581.94
GALAXY Z FOLD 6,256GB,verizon,fair,$236.00 ,581.94
GALAXY Z FOLD 6,256GB,verizon,damaged,$151.00 ,581.94
GALAXY Z FOLD 6,256GB,tmobile,flawless,$452.00 ,581.94
GALAXY Z FOLD 6,256GB,tmobile,good,$359.00 ,581.94
GALAXY Z FOLD 6,256GB,tmobile,fair,$257.00 ,581.94
GALAXY Z FOLD 6,256GB,tmobile,damaged,$141.00 ,581.94
GALAXY Z FOLD 6,256GB,unlocked,flawless,$551.48 ,606.94
GALAXY Z FOLD 6,256GB,unlocked,good,$481.00 ,606.94
GALAXY Z FOLD 6,256GB,unlocked,fair,$407.00 ,606.94
GALAXY Z FOLD 6,256GB,unlocked,damaged,$172.00 ,606.94
GALAXY Z FOLD 6,512GB,att,flawless,$452.00 ,644.95
GALAXY Z FOLD 6,512GB,att,good,$395.00 ,644.95
GALAXY Z FOLD 6,512GB,att,fair,$307.00 ,644.95
GALAXY Z FOLD 6,512GB,att,damaged,$142.00 ,644.95
GALAXY Z FOLD 6,512GB,verizon,flawless,$458.00 ,644.95
GALAXY Z FOLD 6,512GB,verizon,good,$400.00 ,644.95
GALAXY Z FOLD 6,512GB,verizon,fair,$236.00 ,644.95
GALAXY Z FOLD 6,512GB,verizon,damaged,$151.00 ,644.95
GALAXY Z FOLD 6,512GB,tmobile,flawless,$452.00 ,644.95
GALAXY Z FOLD 6,512GB,tmobile,good,$359.00 ,644.95
GALAXY Z FOLD 6,512GB,tmobile,fair,$257.00 ,644.95
GALAXY Z FOLD 6,512GB,tmobile,damaged,$141.00 ,644.95
GALAXY Z FOLD 6,512GB,unlocked,flawless,$551.48 ,669.95
GALAXY Z FOLD 6,512GB,unlocked,good,$481.00 ,669.95
GALAXY Z FOLD 6,512GB,unlocked,fair,$407.00 ,669.95
GALAXY Z FOLD 6,512GB,unlocked,damaged,$172.00 ,669.95
GALAXY Z FOLD 6,1TB,att,flawless,$452.00 ,689.0
GALAXY Z FOLD 6,1TB,att,good,$395.00 ,689.0
GALAXY Z FOLD 6,1TB,att,fair,$307.00 ,689.0
GALAXY Z FOLD 6,1TB,att,damaged,$142.00 ,689.0
GALAXY Z FOLD 6,1TB,verizon,flawless,$458.00 ,689.0
GALAXY Z FOLD 6,1TB,verizon,good,$400.00 ,689.0
GALAXY Z FOLD 6,1TB,verizon,fair,$236.00 ,689.0
GALAXY Z FOLD 6,1TB,verizon,damaged,$151.00 ,689.0
GALAXY Z FOLD 6,1TB,tmobile,flawless,$452.00 ,689.0
GALAXY Z FOLD 6,1TB,tmobile,good,$359.00 ,689.0
GALAXY Z FOLD 6,1TB,tmobile,fair,$257.00 ,689.0
GALAXY Z FOLD 6,1TB,tmobile,damaged,$141.00 ,689.0
GALAXY Z FOLD 6,1TB,unlocked,flawless,$551.48 ,714.0
GALAXY Z FOLD 6,1TB,unlocked,good,$481.00 ,714.0
GALAXY Z FOLD 6,1TB,unlocked,fair,$407.00 ,714.0
GALAXY Z FOLD 6,1TB,unlocked,damaged,$172.00 ,714.0
IPHONE 13,128GB,att,flawless,$180.02 ,240.0
IPHONE 13,128GB,att,good,$180.02 ,240.0
IPHONE 13,128GB,att,fair,$122.00 ,240.0
IPHONE 13,128GB,att,damaged,$63.00 ,240.0
IPHONE 13,128GB,verizon,flawless,$180.02 ,240.0
IPHONE 13,128GB,verizon,good,$181.00 ,240.0
IPHONE 13,128GB,verizon,fair,$119.00 ,240.0
IPHONE 13,128GB,verizon,damaged,$62.00 ,240.0
IPHONE 13,128GB,tmobile,flawless,$180.02 ,240.0
IPHONE 13,128GB,tmobile,good,$180.00 ,240.0
IPHONE 13,128GB,tmobile,fair,$119.00 ,240.0
IPHONE 13,128GB,tmobile,damaged,$61.00 ,240.0
IPHONE 13,128GB,unlocked,flawless,$180.02 ,265.0
IPHONE 13,128GB,unlocked,good,$180.02 ,265.0
IPHONE 13,128GB,unlocked,fair,$126.00 ,265.0
IPHONE 13,128GB,unlocked,damaged,$76.00 ,265.0
IPHONE 13,256GB,att,flawless,$198.42 ,280.0
IPHONE 13,256GB,att,good,$198.42 ,280.0
IPHONE 13,256GB,att,fair,$134.00 ,280.0
IPHONE 13,256GB,att,damaged,$69.00 ,280.0
IPHONE 13,256GB,verizon,flawless,$198.42 ,280.0
IPHONE 13,256GB,verizon,good,$189.00 ,280.0
IPHONE 13,256GB,verizon,fair,$124.00 ,280.0
IPHONE 13,256GB,verizon,damaged,$66.00 ,280.0
IPHONE 13,256GB,tmobile,flawless,$198.42 ,280.0
IPHONE 13,256GB,tmobile,good,$198.42 ,280.0
IPHONE 13,256GB,tmobile,fair,$124.00 ,280.0
IPHONE 13,256GB,tmobile,damaged,$66.00 ,280.0
IPHONE 13,256GB,unlocked,flawless,$198.42 ,305.0
IPHONE 13,256GB,unlocked,good,$198.42 ,305.0
IPHONE 13,256GB,unlocked,fair,$151.00 ,305.0
IPHONE 13,256GB,unlocked,damaged,$103.00 ,305.0
IPHONE 13,512GB,att,flawless,$235.22 ,305.0
IPHONE 13,512GB,att,good,$203.00 ,305.0
IPHONE 13,512GB,att,fair,$148.00 ,305.0
IPHONE 13,512GB,att,damaged,$86.00 ,305.0
IPHONE 13,512GB,verizon,flawless,$235.22 ,305.0
IPHONE 13,512GB,verizon,good,$226.00 ,305.0
IPHONE 13,512GB,verizon,fair,$148.00 ,305.0
IPHONE 13,512GB,verizon,damaged,$86.00 ,305.0
IPHONE 13,512GB,tmobile,flawless,$235.22 ,305.0
IPHONE 13,512GB,tmobile,good,$222.00 ,305.0
IPHONE 13,512GB,tmobile,fair,$148.00 ,305.0
IPHONE 13,512GB,tmobile,damaged,$86.00 ,305.0
IPHONE 13,512GB,unlocked,flawless,$235.22 ,330.0
IPHONE 13,512GB,unlocked,good,$235.22 ,330.0
IPHONE 13,512GB,unlocked,fair,$166.00 ,330.0
IPHONE 13,512GB,unlocked,damaged,$133.00 ,330.0
IPHONE 13 PRO,128GB,att,flawless,$238.90 ,315.0
IPHONE 13 PRO,128GB,att,good,$238.90 ,315.0
IPHONE 13 PRO,128GB,att,fair,$161.00 ,315.0
IPHONE 13 PRO,128GB,att,damaged,$132.00 ,315.0
IPHONE 13 PRO,128GB,verizon,flawless,$238.90 ,315.0
IPHONE 13 PRO,128GB,verizon,good,$238.90 ,315.0
IPHONE 13 PRO,128GB,verizon,fair,$161.00 ,315.0
IPHONE 13 PRO,128GB,verizon,damaged,$132.00 ,315.0
IPHONE 13 PRO,128GB,tmobile,flawless,$238.90 ,315.0
IPHONE 13 PRO,128GB,tmobile,good,$238.90 ,315.0
IPHONE 13 PRO,128GB,tmobile,fair,$157.00 ,315.0
IPHONE 13 PRO,128GB,tmobile,damaged,$132.00 ,315.0
IPHONE 13 PRO,128GB,unlocked,flawless,$238.90 ,340.0
IPHONE 13 PRO,128GB,unlocked,good,$238.90 ,340.0
IPHONE 13 PRO,128GB,unlocked,fair,$170.00 ,340.0
IPHONE 13 PRO,128GB,unlocked,damaged,$132.00 ,340.0
IPHONE 13 PRO,256GB,att,flawless,$249.94 ,354.0
IPHONE 13 PRO,256GB,att,good,$249.94 ,354.0
IPHONE 13 PRO,256GB,att,fair,$180.00 ,354.0
IPHONE 13 PRO,256GB,att,damaged,$132.00 ,354.0
IPHONE 13 PRO,256GB,verizon,flawless,$249.94 ,354.0
IPHONE 13 PRO,256GB,verizon,good,$249.94 ,354.0
IPHONE 13 PRO,256GB,verizon,fair,$180.00 ,354.0
IPHONE 13 PRO,256GB,verizon,damaged,$132.00 ,354.0
IPHONE 13 PRO,256GB,tmobile,flawless,$249.94 ,354.0
IPHONE 13 PRO,256GB,tmobile,good,$249.94 ,354.0
IPHONE 13 PRO,256GB,tmobile,fair,$180.00 ,354.0
IPHONE 13 PRO,256GB,tmobile,damaged,$132.00 ,354.0
IPHONE 13 PRO,256GB,unlocked,flawless,$249.94 ,379.0
IPHONE 13 PRO,256GB,unlocked,good,$249.94 ,379.0
IPHONE 13 PRO,256GB,unlocked,fair,$192.00 ,379.0
IPHONE 13 PRO,256GB,unlocked,damaged,$142.00 ,379.0
IPHONE 13 PRO,512GB,att,flawless,$305.88 ,374.0
IPHONE 13 PRO,512GB,att,good,$305.88 ,374.0
IPHONE 13 PRO,512GB,att,fair,$193.00 ,374.0
IPHONE 13 PRO,512GB,att,damaged,$132.00 ,374.0
IPHONE 13 PRO,512GB,verizon,flawless,$305.88 ,374.0
IPHONE 13 PRO,512GB,verizon,good,$305.88 ,374.0
IPHONE 13 PRO,512GB,verizon,fair,$193.00 ,374.0
IPHONE 13 PRO,512GB,verizon,damaged,$132.00 ,374.0
IPHONE 13 PRO,512GB,tmobile,flawless,$305.88 ,374.0
IPHONE 13 PRO,512GB,tmobile,good,$305.88 ,374.0
IPHONE 13 PRO,512GB,tmobile,fair,$193.00 ,374.0
IPHONE 13 PRO,512GB,tmobile,damaged,$132.00 ,374.0
IPHONE 13 PRO,512GB,unlocked,flawless,$305.88 ,399.0
IPHONE 13 PRO,512GB,unlocked,good,$305.88 ,399.0
IPHONE 13 PRO,512GB,unlocked,fair,$216.00 ,399.0
IPHONE 13 PRO,512GB,unlocked,damaged,$172.00 ,399.0
IPHONE 13 PRO,1TB,att,flawless,$110.10 ,414.92
IPHONE 13 PRO,1TB,att,good,$110.10 ,414.92
IPHONE 13 PRO,1TB,att,fair,$92.71 ,414.92
IPHONE 13 PRO,1TB,att,damaged,$75.32 ,414.92
IPHONE 13 PRO,1TB,verizon,flawless,$110.10 ,414.92
IPHONE 13 PRO,1TB,verizon,good,$110.10 ,414.92
IPHONE 13 PRO,1TB,verizon,fair,$92.71 ,414.92
IPHONE 13 PRO,1TB,verizon,damaged,$75.32 ,414.92
IPHONE 13 PRO,1TB,tmobile,flawless,$110.10 ,414.92
IPHONE 13 PRO,1TB,tmobile,good,$110.10 ,414.92
IPHONE 13 PRO,1TB,tmobile,fair,$92.71 ,414.92
IPHONE 13 PRO,1TB,tmobile,damaged,$75.32 ,414.92
IPHONE 13 PRO,1TB,unlocked,flawless,$335.48 ,439.92
IPHONE 13 PRO,1TB,unlocked,good,$335.48 ,439.92
IPHONE 13 PRO,1TB,unlocked,fair,$227.00 ,439.92
IPHONE 13 PRO,1TB,unlocked,damaged,$192.00 ,439.92
IPHONE 13 PRO MAX,128GB,att,flawless,$268.34 ,383.0
IPHONE 13 PRO MAX,128GB,att,good,$268.34 ,383.0
IPHONE 13 PRO MAX,128GB,att,fair,$207.00 ,383.0
IPHONE 13 PRO MAX,128GB,att,damaged,$127.00 ,383.0
IPHONE 13 PRO MAX,128GB,verizon,flawless,$266.00 ,383.0
IPHONE 13 PRO MAX,128GB,verizon,good,$242.00 ,383.0
IPHONE 13 PRO MAX,128GB,verizon,fair,$167.00 ,383.0
IPHONE 13 PRO MAX,128GB,verizon,damaged,$137.00 ,383.0
IPHONE 13 PRO MAX,128GB,tmobile,flawless,$265.00 ,383.0
IPHONE 13 PRO MAX,128GB,tmobile,good,$236.00 ,383.0
IPHONE 13 PRO MAX,128GB,tmobile,fair,$143.00 ,383.0
IPHONE 13 PRO MAX,128GB,tmobile,damaged,$102.00 ,383.0
IPHONE 13 PRO MAX,128GB,unlocked,flawless,$268.34 ,408.0
IPHONE 13 PRO MAX,128GB,unlocked,good,$268.34 ,408.0
IPHONE 13 PRO MAX,128GB,unlocked,fair,$207.00 ,408.0
IPHONE 13 PRO MAX,128GB,unlocked,damaged,$172.00 ,408.0
IPHONE 13 PRO MAX,256GB,att,flawless,$299.48 ,422.0
IPHONE 13 PRO MAX,256GB,att,good,$299.48 ,422.0
IPHONE 13 PRO MAX,256GB,att,fair,$247.00 ,422.0
IPHONE 13 PRO MAX,256GB,att,damaged,$143.00 ,422.0
IPHONE 13 PRO MAX,256GB,verizon,flawless,$299.48 ,422.0
IPHONE 13 PRO MAX,256GB,verizon,good,$299.48 ,422.0
IPHONE 13 PRO MAX,256GB,verizon,fair,$199.00 ,422.0
IPHONE 13 PRO MAX,256GB,verizon,damaged,$127.00 ,422.0
IPHONE 13 PRO MAX,256GB,tmobile,flawless,$299.48 ,422.0
IPHONE 13 PRO MAX,256GB,tmobile,good,$279.00 ,422.0
IPHONE 13 PRO MAX,256GB,tmobile,fair,$172.00 ,422.0
IPHONE 13 PRO MAX,256GB,tmobile,damaged,$117.00 ,422.0
IPHONE 13 PRO MAX,256GB,unlocked,flawless,$299.48 ,447.0
IPHONE 13 PRO MAX,256GB,unlocked,good,$299.48 ,447.0
IPHONE 13 PRO MAX,256GB,unlocked,fair,$247.00 ,447.0
IPHONE 13 PRO MAX,256GB,unlocked,damaged,$192.00 ,447.0
IPHONE 13 PRO MAX,512GB,att,flawless,$335.48 ,491.72
IPHONE 13 PRO MAX,512GB,att,good,$335.48 ,491.72
IPHONE 13 PRO MAX,512GB,att,fair,$257.00 ,491.72
IPHONE 13 PRO MAX,512GB,att,damaged,$182.00 ,491.72
IPHONE 13 PRO MAX,512GB,verizon,flawless,$335.48 ,491.72
IPHONE 13 PRO MAX,512GB,verizon,good,$313.00 ,491.72
IPHONE 13 PRO MAX,512GB,verizon,fair,$211.00 ,491.72
IPHONE 13 PRO MAX,512GB,verizon,damaged,$187.00 ,491.72
IPHONE 13 PRO MAX,512GB,tmobile,flawless,$318.00 ,491.72
IPHONE 13 PRO MAX,512GB,tmobile,good,$290.00 ,491.72
IPHONE 13 PRO MAX,512GB,tmobile,fair,$182.00 ,491.72
IPHONE 13 PRO MAX,512GB,tmobile,damaged,$137.00 ,491.72
IPHONE 13 PRO MAX,512GB,unlocked,flawless,$335.48 ,516.72
IPHONE 13 PRO MAX,512GB,unlocked,good,$335.48 ,516.72
IPHONE 13 PRO MAX,512GB,unlocked,fair,$257.00 ,516.72
IPHONE 13 PRO MAX,512GB,unlocked,damaged,$232.00 ,516.72
IPHONE 13 PRO MAX,1TB,att,flawless,$399.48 ,525.0
IPHONE 13 PRO MAX,1TB,att,good,$391.00 ,525.0
IPHONE 13 PRO MAX,1TB,att,fair,$282.00 ,525.0
IPHONE 13 PRO MAX,1TB,att,damaged,$202.00 ,525.0
IPHONE 13 PRO MAX,1TB,verizon,flawless,$354.00 ,525.0
IPHONE 13 PRO MAX,1TB,verizon,good,$326.00 ,525.0
IPHONE 13 PRO MAX,1TB,verizon,fair,$226.00 ,525.0
IPHONE 13 PRO MAX,1TB,verizon,damaged,$187.00 ,525.0
IPHONE 13 PRO MAX,1TB,tmobile,flawless,$344.00 ,525.0
IPHONE 13 PRO MAX,1TB,tmobile,good,$316.00 ,525.0
IPHONE 13 PRO MAX,1TB,tmobile,fair,$207.00 ,525.0
IPHONE 13 PRO MAX,1TB,tmobile,damaged,$167.00 ,525.0
IPHONE 13 PRO MAX,1TB,unlocked,flawless,$399.48 ,550.0
IPHONE 13 PRO MAX,1TB,unlocked,good,$391.00 ,550.0
IPHONE 13 PRO MAX,1TB,unlocked,fair,$282.00 ,550.0
IPHONE 13 PRO MAX,1TB,unlocked,damaged,$252.00 ,550.0
IPHONE 14,128GB,att,flawless,$194.00 ,272.95
IPHONE 14,128GB,att,good,$161.00 ,272.95
IPHONE 14,128GB,att,fair,$106.00 ,272.95
IPHONE 14,128GB,att,damaged,$74.00 ,272.95
IPHONE 14,128GB,verizon,flawless,$179.00 ,272.95
IPHONE 14,128GB,verizon,good,$156.00 ,272.95
IPHONE 14,128GB,verizon,fair,$120.00 ,272.95
IPHONE 14,128GB,verizon,damaged,$74.00 ,272.95
IPHONE 14,128GB,tmobile,flawless,$163.00 ,272.95
IPHONE 14,128GB,tmobile,good,$133.00 ,272.95
IPHONE 14,128GB,tmobile,fair,$102.00 ,272.95
IPHONE 14,128GB,tmobile,damaged,$74.00 ,272.95
IPHONE 14,128GB,unlocked,flawless,$198.42 ,297.95
IPHONE 14,128GB,unlocked,good,$199.00 ,297.95
IPHONE 14,128GB,unlocked,fair,$149.00 ,297.95
IPHONE 14,128GB,unlocked,damaged,$89.00 ,297.95
IPHONE 14,256GB,att,flawless,$214.00 ,324.0
IPHONE 14,256GB,att,good,$184.00 ,324.0
IPHONE 14,256GB,att,fair,$119.00 ,324.0
IPHONE 14,256GB,att,damaged,$109.00 ,324.0
IPHONE 14,256GB,verizon,flawless,$203.00 ,324.0
IPHONE 14,256GB,verizon,good,$183.00 ,324.0
IPHONE 14,256GB,verizon,fair,$126.00 ,324.0
IPHONE 14,256GB,verizon,damaged,$109.00 ,324.0
IPHONE 14,256GB,tmobile,flawless,$188.00 ,324.0
IPHONE 14,256GB,tmobile,good,$156.00 ,324.0
IPHONE 14,256GB,tmobile,fair,$109.00 ,324.0
IPHONE 14,256GB,tmobile,damaged,$97.00 ,324.0
IPHONE 14,256GB,unlocked,flawless,$227.86 ,349.0
IPHONE 14,256GB,unlocked,good,$227.86 ,349.0
IPHONE 14,256GB,unlocked,fair,$177.00 ,349.0
IPHONE 14,256GB,unlocked,damaged,$114.00 ,349.0
IPHONE 14,512GB,att,flawless,$255.83 ,354.0
IPHONE 14,512GB,att,good,$251.00 ,354.0
IPHONE 14,512GB,att,fair,$191.00 ,354.0
IPHONE 14,512GB,att,damaged,$110.00 ,354.0
IPHONE 14,512GB,verizon,flawless,$255.83 ,354.0
IPHONE 14,512GB,verizon,good,$236.00 ,354.0
IPHONE 14,512GB,verizon,fair,$177.00 ,354.0
IPHONE 14,512GB,verizon,damaged,$114.00 ,354.0
IPHONE 14,512GB,tmobile,flawless,$231.00 ,354.0
IPHONE 14,512GB,tmobile,good,$211.00 ,354.0
IPHONE 14,512GB,tmobile,fair,$157.00 ,354.0
IPHONE 14,512GB,tmobile,damaged,$97.00 ,354.0
IPHONE 14,512GB,unlocked,flawless,$255.83 ,379.0
IPHONE 14,512GB,unlocked,good,$255.83 ,379.0
IPHONE 14,512GB,unlocked,fair,$231.00 ,379.0
IPHONE 14,512GB,unlocked,damaged,$115.00 ,379.0
IPHONE 14 PLUS,128GB,att,flawless,$213.14 ,275.0
IPHONE 14 PLUS,128GB,att,good,$195.00 ,275.0
IPHONE 14 PLUS,128GB,att,fair,$147.00 ,275.0
IPHONE 14 PLUS,128GB,att,damaged,$122.00 ,275.0
IPHONE 14 PLUS,128GB,verizon,flawless,$213.14 ,275.0
IPHONE 14 PLUS,128GB,verizon,good,$211.00 ,275.0
IPHONE 14 PLUS,128GB,verizon,fair,$152.00 ,275.0
IPHONE 14 PLUS,128GB,verizon,damaged,$127.00 ,275.0
IPHONE 14 PLUS,128GB,tmobile,flawless,$207.00 ,275.0
IPHONE 14 PLUS,128GB,tmobile,good,$173.00 ,275.0
IPHONE 14 PLUS,128GB,tmobile,fair,$127.00 ,275.0
IPHONE 14 PLUS,128GB,tmobile,damaged,$103.00 ,275.0
IPHONE 14 PLUS,128GB,unlocked,flawless,$213.14 ,300.0
IPHONE 14 PLUS,128GB,unlocked,good,$213.14 ,300.0
IPHONE 14 PLUS,128GB,unlocked,fair,$187.00 ,300.0
IPHONE 14 PLUS,128GB,unlocked,damaged,$128.00 ,300.0
IPHONE 14 PLUS,256GB,att,flawless,$238.90 ,330.0
IPHONE 14 PLUS,256GB,att,good,$227.00 ,330.0
IPHONE 14 PLUS,256GB,att,fair,$177.00 ,330.0
IPHONE 14 PLUS,256GB,att,damaged,$133.00 ,330.0
IPHONE 14 PLUS,256GB,verizon,flawless,$238.90 ,330.0
IPHONE 14 PLUS,256GB,verizon,good,$238.90 ,330.0
IPHONE 14 PLUS,256GB,verizon,fair,$162.00 ,330.0
IPHONE 14 PLUS,256GB,verizon,damaged,$138.00 ,330.0
IPHONE 14 PLUS,256GB,tmobile,flawless,$239.00 ,330.0
IPHONE 14 PLUS,256GB,tmobile,good,$205.00 ,330.0
IPHONE 14 PLUS,256GB,tmobile,fair,$147.00 ,330.0
IPHONE 14 PLUS,256GB,tmobile,damaged,$113.00 ,330.0
IPHONE 14 PLUS,256GB,unlocked,flawless,$238.90 ,355.0
IPHONE 14 PLUS,256GB,unlocked,good,$238.90 ,355.0
IPHONE 14 PLUS,256GB,unlocked,fair,$212.00 ,355.0
IPHONE 14 PLUS,256GB,unlocked,damaged,$138.00 ,355.0
IPHONE 14 PLUS,512GB,att,flawless,$268.34 ,383.0
IPHONE 14 PLUS,512GB,att,good,$268.34 ,383.0
IPHONE 14 PLUS,512GB,att,fair,$212.00 ,383.0
IPHONE 14 PLUS,512GB,att,damaged,$143.00 ,383.0
IPHONE 14 PLUS,512GB,verizon,flawless,$268.34 ,383.0
IPHONE 14 PLUS,512GB,verizon,good,$268.34 ,383.0
IPHONE 14 PLUS,512GB,verizon,fair,$187.00 ,383.0
IPHONE 14 PLUS,512GB,verizon,damaged,$148.00 ,383.0
IPHONE 14 PLUS,512GB,tmobile,flawless,$268.34 ,383.0
IPHONE 14 PLUS,512GB,tmobile,good,$268.34 ,383.0
IPHONE 14 PLUS,512GB,tmobile,fair,$182.00 ,383.0
IPHONE 14 PLUS,512GB,tmobile,damaged,$123.00 ,383.0
IPHONE 14 PLUS,512GB,unlocked,flawless,$268.34 ,408.0
IPHONE 14 PLUS,512GB,unlocked,good,$268.34 ,408.0
IPHONE 14 PLUS,512GB,unlocked,fair,$232.00 ,408.0
IPHONE 14 PLUS,512GB,unlocked,damaged,$148.00 ,408.0
IPHONE 14 PRO,128GB,att,flawless,$279.48 ,358.0
IPHONE 14 PRO,128GB,att,good,$279.48 ,358.0
IPHONE 14 PRO,128GB,att,fair,$170.00 ,358.0
IPHONE 14 PRO,128GB,att,damaged,$139.00 ,358.0
IPHONE 14 PRO,128GB,verizon,flawless,$279.48 ,358.0
IPHONE 14 PRO,128GB,verizon,good,$277.00 ,358.0
IPHONE 14 PRO,128GB,verizon,fair,$178.00 ,358.0
IPHONE 14 PRO,128GB,verizon,damaged,$148.00 ,358.0
IPHONE 14 PRO,128GB,tmobile,flawless,$273.00 ,358.0
IPHONE 14 PRO,128GB,tmobile,good,$256.00 ,358.0
IPHONE 14 PRO,128GB,tmobile,fair,$155.00 ,358.0
IPHONE 14 PRO,128GB,tmobile,damaged,$132.00 ,358.0
IPHONE 14 PRO,128GB,unlocked,flawless,$279.48 ,383.0
IPHONE 14 PRO,128GB,unlocked,good,$279.48 ,383.0
IPHONE 14 PRO,128GB,unlocked,fair,$227.00 ,383.0
IPHONE 14 PRO,128GB,unlocked,damaged,$173.00 ,383.0
IPHONE 14 PRO,256GB,att,flawless,$299.48 ,389.0
IPHONE 14 PRO,256GB,att,good,$299.48 ,389.0
IPHONE 14 PRO,256GB,att,fair,$196.00 ,389.0
IPHONE 14 PRO,256GB,att,damaged,$145.00 ,389.0
IPHONE 14 PRO,256GB,verizon,flawless,$299.48 ,389.0
IPHONE 14 PRO,256GB,verizon,good,$299.48 ,389.0
IPHONE 14 PRO,256GB,verizon,fair,$201.00 ,389.0
IPHONE 14 PRO,256GB,verizon,damaged,$158.00 ,389.0
IPHONE 14 PRO,256GB,tmobile,flawless,$299.48 ,389.0
IPHONE 14 PRO,256GB,tmobile,good,$293.00 ,389.0
IPHONE 14 PRO,256GB,tmobile,fair,$177.00 ,389.0
IPHONE 14 PRO,256GB,tmobile,damaged,$147.00 ,389.0
IPHONE 14 PRO,256GB,unlocked,flawless,$299.48 ,414.0
IPHONE 14 PRO,256GB,unlocked,good,$299.48 ,414.0
IPHONE 14 PRO,256GB,unlocked,fair,$257.00 ,414.0
IPHONE 14 PRO,256GB,unlocked,damaged,$194.00 ,414.0
IPHONE 14 PRO,512GB,att,flawless,$323.48 ,410.0
IPHONE 14 PRO,512GB,att,good,$323.48 ,410.0
IPHONE 14 PRO,512GB,att,fair,$209.00 ,410.0
IPHONE 14 PRO,512GB,att,damaged,$152.00 ,410.0
IPHONE 14 PRO,512GB,verizon,flawless,$323.48 ,410.0
IPHONE 14 PRO,512GB,verizon,good,$323.48 ,410.0
IPHONE 14 PRO,512GB,verizon,fair,$216.00 ,410.0
IPHONE 14 PRO,512GB,verizon,damaged,$173.00 ,410.0
IPHONE 14 PRO,512GB,tmobile,flawless,$323.48 ,410.0
IPHONE 14 PRO,512GB,tmobile,good,$322.00 ,410.0
IPHONE 14 PRO,512GB,tmobile,fair,$217.00 ,410.0
IPHONE 14 PRO,512GB,tmobile,damaged,$151.00 ,410.0
IPHONE 14 PRO,512GB,unlocked,flawless,$323.48 ,435.0
IPHONE 14 PRO,512GB,unlocked,good,$323.48 ,435.0
IPHONE 14 PRO,512GB,unlocked,fair,$297.00 ,435.0
IPHONE 14 PRO,512GB,unlocked,damaged,$234.00 ,435.0
IPHONE 14 PRO,1TB,att,flawless,$367.48 ,445.0
IPHONE 14 PRO,1TB,att,good,$364.00 ,445.0
IPHONE 14 PRO,1TB,att,fair,$226.00 ,445.0
IPHONE 14 PRO,1TB,att,damaged,$154.00 ,445.0
IPHONE 14 PRO,1TB,verizon,flawless,$367.48 ,445.0
IPHONE 14 PRO,1TB,verizon,good,$364.00 ,445.0
IPHONE 14 PRO,1TB,verizon,fair,$232.00 ,445.0
IPHONE 14 PRO,1TB,verizon,damaged,$176.00 ,445.0
IPHONE 14 PRO,1TB,tmobile,flawless,$367.48 ,445.0
IPHONE 14 PRO,1TB,tmobile,good,$354.00 ,445.0
IPHONE 14 PRO,1TB,tmobile,fair,$237.00 ,445.0
IPHONE 14 PRO,1TB,tmobile,damaged,$163.00 ,445.0
IPHONE 14 PRO,1TB,unlocked,flawless,$367.48 ,470.0
IPHONE 14 PRO,1TB,unlocked,good,$367.48 ,470.0
IPHONE 14 PRO,1TB,unlocked,fair,$316.00 ,470.0
IPHONE 14 PRO,1TB,unlocked,damaged,$243.00 ,470.0
IPHONE 14 PRO MAX,128GB,att,flawless,$327.00 ,455.0
IPHONE 14 PRO MAX,128GB,att,good,$296.00 ,455.0
IPHONE 14 PRO MAX,128GB,att,fair,$207.00 ,455.0
IPHONE 14 PRO MAX,128GB,att,damaged,$173.00 ,455.0
IPHONE 14 PRO MAX,128GB,verizon,flawless,$281.00 ,455.0
IPHONE 14 PRO MAX,128GB,verizon,good,$255.00 ,455.0
IPHONE 14 PRO MAX,128GB,verizon,fair,$187.00 ,455.0
IPHONE 14 PRO MAX,128GB,verizon,damaged,$183.00 ,455.0
IPHONE 14 PRO MAX,128GB,tmobile,flawless,$335.48 ,455.0
IPHONE 14 PRO MAX,128GB,tmobile,good,$312.00 ,455.0
IPHONE 14 PRO MAX,128GB,tmobile,fair,$222.00 ,455.0
IPHONE 14 PRO MAX,128GB,tmobile,damaged,$173.00 ,455.0
IPHONE 14 PRO MAX,128GB,unlocked,flawless,$335.48 ,480.0
IPHONE 14 PRO MAX,128GB,unlocked,good,$335.48 ,480.0
IPHONE 14 PRO MAX,128GB,unlocked,fair,$306.00 ,480.0
IPHONE 14 PRO MAX,128GB,unlocked,damaged,$213.00 ,480.0
IPHONE 14 PRO MAX,256GB,att,flawless,$343.48 ,495.0
IPHONE 14 PRO MAX,256GB,att,good,$327.00 ,495.0
IPHONE 14 PRO MAX,256GB,att,fair,$242.00 ,495.0
IPHONE 14 PRO MAX,256GB,att,damaged,$193.00 ,495.0
IPHONE 14 PRO MAX,256GB,verizon,flawless,$343.48 ,495.0
IPHONE 14 PRO MAX,256GB,verizon,good,$290.00 ,495.0
IPHONE 14 PRO MAX,256GB,verizon,fair,$202.00 ,495.0
IPHONE 14 PRO MAX,256GB,verizon,damaged,$203.00 ,495.0
IPHONE 14 PRO MAX,256GB,tmobile,flawless,$343.48 ,495.0
IPHONE 14 PRO MAX,256GB,tmobile,good,$342.00 ,495.0
IPHONE 14 PRO MAX,256GB,tmobile,fair,$257.00 ,495.0
IPHONE 14 PRO MAX,256GB,tmobile,damaged,$193.00 ,495.0
IPHONE 14 PRO MAX,256GB,unlocked,flawless,$343.48 ,520.0
IPHONE 14 PRO MAX,256GB,unlocked,good,$343.48 ,520.0
IPHONE 14 PRO MAX,256GB,unlocked,fair,$326.09 ,520.0
IPHONE 14 PRO MAX,256GB,unlocked,damaged,$213.00 ,520.0
IPHONE 14 PRO MAX,512GB,att,flawless,$377.00 ,525.0
IPHONE 14 PRO MAX,512GB,att,good,$347.00 ,525.0
IPHONE 14 PRO MAX,512GB,att,fair,$267.00 ,525.0
IPHONE 14 PRO MAX,512GB,att,damaged,$213.00 ,525.0
IPHONE 14 PRO MAX,512GB,verizon,flawless,$366.00 ,525.0
IPHONE 14 PRO MAX,512GB,verizon,good,$320.00 ,525.0
IPHONE 14 PRO MAX,512GB,verizon,fair,$224.00 ,525.0
IPHONE 14 PRO MAX,512GB,verizon,damaged,$223.00 ,525.0
IPHONE 14 PRO MAX,512GB,tmobile,flawless,$396.00 ,525.0
IPHONE 14 PRO MAX,512GB,tmobile,good,$368.00 ,525.0
IPHONE 14 PRO MAX,512GB,tmobile,fair,$272.00 ,525.0
IPHONE 14 PRO MAX,512GB,tmobile,damaged,$213.00 ,525.0
IPHONE 14 PRO MAX,512GB,unlocked,flawless,$407.48 ,550.0
IPHONE 14 PRO MAX,512GB,unlocked,good,$407.48 ,550.0
IPHONE 14 PRO MAX,512GB,unlocked,fair,$356.00 ,550.0
IPHONE 14 PRO MAX,512GB,unlocked,damaged,$233.00 ,550.0
IPHONE 14 PRO MAX,1TB,att,flawless,$407.48 ,570.0
IPHONE 14 PRO MAX,1TB,att,good,$381.00 ,570.0
IPHONE 14 PRO MAX,1TB,att,fair,$287.00 ,570.0
IPHONE 14 PRO MAX,1TB,att,damaged,$213.00 ,570.0
IPHONE 14 PRO MAX,1TB,verizon,flawless,$386.00 ,570.0
IPHONE 14 PRO MAX,1TB,verizon,good,$340.00 ,570.0
IPHONE 14 PRO MAX,1TB,verizon,fair,$252.00 ,570.0
IPHONE 14 PRO MAX,1TB,verizon,damaged,$223.00 ,570.0
IPHONE 14 PRO MAX,1TB,tmobile,flawless,$407.48 ,570.0
IPHONE 14 PRO MAX,1TB,tmobile,good,$398.00 ,570.0
IPHONE 14 PRO MAX,1TB,tmobile,fair,$302.00 ,570.0
IPHONE 14 PRO MAX,1TB,tmobile,damaged,$213.00 ,570.0
IPHONE 14 PRO MAX,1TB,unlocked,flawless,$407.48 ,595.0
IPHONE 14 PRO MAX,1TB,unlocked,good,$407.48 ,595.0
IPHONE 14 PRO MAX,1TB,unlocked,fair,$386.00 ,595.0
IPHONE 14 PRO MAX,1TB,unlocked,damaged,$256.00 ,595.0
IPHONE 15,128GB,att,flawless,$260.99 ,360.0
IPHONE 15,128GB,att,good,$221.00 ,360.0
IPHONE 15,128GB,att,fair,$167.00 ,360.0
IPHONE 15,128GB,att,damaged,$138.00 ,360.0
IPHONE 15,128GB,verizon,flawless,$282.00 ,360.0
IPHONE 15,128GB,verizon,good,$236.00 ,360.0
IPHONE 15,128GB,verizon,fair,$178.00 ,360.0
IPHONE 15,128GB,verizon,damaged,$161.00 ,360.0
IPHONE 15,128GB,tmobile,flawless,$251.00 ,360.0
IPHONE 15,128GB,tmobile,good,$205.00 ,360.0
IPHONE 15,128GB,tmobile,fair,$153.00 ,360.0
IPHONE 15,128GB,tmobile,damaged,$126.00 ,360.0
IPHONE 15,128GB,unlocked,flawless,$295.48 ,385.0
IPHONE 15,128GB,unlocked,good,$295.48 ,385.0
IPHONE 15,128GB,unlocked,fair,$266.00 ,385.0
IPHONE 15,128GB,unlocked,damaged,$219.00 ,385.0
IPHONE 15,256GB,att,flawless,$302.99 ,425.0
IPHONE 15,256GB,att,good,$264.00 ,425.0
IPHONE 15,256GB,att,fair,$207.00 ,425.0
IPHONE 15,256GB,att,damaged,$163.00 ,425.0
IPHONE 15,256GB,verizon,flawless,$324.00 ,425.0
IPHONE 15,256GB,verizon,good,$271.00 ,425.0
IPHONE 15,256GB,verizon,fair,$218.00 ,425.0
IPHONE 15,256GB,verizon,damaged,$186.00 ,425.0
IPHONE 15,256GB,tmobile,flawless,$274.00 ,425.0
IPHONE 15,256GB,tmobile,good,$237.00 ,425.0
IPHONE 15,256GB,tmobile,fair,$182.00 ,425.0
IPHONE 15,256GB,tmobile,damaged,$136.00 ,425.0
IPHONE 15,256GB,unlocked,flawless,$343.48 ,450.0
IPHONE 15,256GB,unlocked,good,$343.48 ,450.0
IPHONE 15,256GB,unlocked,fair,$306.00 ,450.0
IPHONE 15,256GB,unlocked,damaged,$254.00 ,450.0
IPHONE 15,512GB,att,flawless,$343.99 ,478.0
IPHONE 15,512GB,att,good,$307.00 ,478.0
IPHONE 15,512GB,att,fair,$247.00 ,478.0
IPHONE 15,512GB,att,damaged,$173.00 ,478.0
IPHONE 15,512GB,verizon,flawless,$365.00 ,478.0
IPHONE 15,512GB,verizon,good,$314.00 ,478.0
IPHONE 15,512GB,verizon,fair,$258.00 ,478.0
IPHONE 15,512GB,verizon,damaged,$196.00 ,478.0
IPHONE 15,512GB,tmobile,flawless,$319.00 ,478.0
IPHONE 15,512GB,tmobile,good,$280.00 ,478.0
IPHONE 15,512GB,tmobile,fair,$227.00 ,478.0
IPHONE 15,512GB,tmobile,damaged,$146.00 ,478.0
IPHONE 15,512GB,unlocked,flawless,$415.48 ,503.0
IPHONE 15,512GB,unlocked,good,$407.00 ,503.0
IPHONE 15,512GB,unlocked,fair,$346.00 ,503.0
IPHONE 15,512GB,unlocked,damaged,$259.00 ,503.0
IPHONE 15 PLUS,128GB,att,flawless,$276.99 ,395.0
IPHONE 15 PLUS,128GB,att,good,$232.00 ,395.0
IPHONE 15 PLUS,128GB,att,fair,$176.00 ,395.0
IPHONE 15 PLUS,128GB,att,damaged,$174.00 ,395.0
IPHONE 15 PLUS,128GB,verizon,flawless,$305.00 ,395.0
IPHONE 15 PLUS,128GB,verizon,good,$259.00 ,395.0
IPHONE 15 PLUS,128GB,verizon,fair,$189.00 ,395.0
IPHONE 15 PLUS,128GB,verizon,damaged,$180.00 ,395.0
IPHONE 15 PLUS,128GB,tmobile,flawless,$266.00 ,395.0
IPHONE 15 PLUS,128GB,tmobile,good,$221.00 ,395.0
IPHONE 15 PLUS,128GB,tmobile,fair,$168.00 ,395.0
IPHONE 15 PLUS,128GB,tmobile,damaged,$157.00 ,395.0
IPHONE 15 PLUS,128GB,unlocked,flawless,$319.48 ,420.0
IPHONE 15 PLUS,128GB,unlocked,good,$319.48 ,420.0
IPHONE 15 PLUS,128GB,unlocked,fair,$282.00 ,420.0
IPHONE 15 PLUS,128GB,unlocked,damaged,$218.00 ,420.0
IPHONE 15 PLUS,256GB,att,flawless,$310.99 ,448.0
IPHONE 15 PLUS,256GB,att,good,$261.00 ,448.0
IPHONE 15 PLUS,256GB,att,fair,$183.00 ,448.0
IPHONE 15 PLUS,256GB,att,damaged,$183.00 ,448.0
IPHONE 15 PLUS,256GB,verizon,flawless,$361.00 ,448.0
IPHONE 15 PLUS,256GB,verizon,good,$291.00 ,448.0
IPHONE 15 PLUS,256GB,verizon,fair,$214.00 ,448.0
IPHONE 15 PLUS,256GB,verizon,damaged,$195.00 ,448.0
IPHONE 15 PLUS,256GB,tmobile,flawless,$298.00 ,448.0
IPHONE 15 PLUS,256GB,tmobile,good,$254.00 ,448.0
IPHONE 15 PLUS,256GB,tmobile,fair,$172.00 ,448.0
IPHONE 15 PLUS,256GB,tmobile,damaged,$157.00 ,448.0
IPHONE 15 PLUS,256GB,unlocked,flawless,$363.48 ,473.0
IPHONE 15 PLUS,256GB,unlocked,good,$363.48 ,473.0
IPHONE 15 PLUS,256GB,unlocked,fair,$307.00 ,473.0
IPHONE 15 PLUS,256GB,unlocked,damaged,$232.00 ,473.0
IPHONE 15 PLUS,512GB,att,flawless,$408.99 ,495.0
IPHONE 15 PLUS,512GB,att,good,$362.00 ,495.0
IPHONE 15 PLUS,512GB,att,fair,$221.00 ,495.0
IPHONE 15 PLUS,512GB,att,damaged,$203.00 ,495.0
IPHONE 15 PLUS,512GB,verizon,flawless,$415.48 ,495.0
IPHONE 15 PLUS,512GB,verizon,good,$370.00 ,495.0
IPHONE 15 PLUS,512GB,verizon,fair,$259.00 ,495.0
IPHONE 15 PLUS,512GB,verizon,damaged,$215.00 ,495.0
IPHONE 15 PLUS,512GB,tmobile,flawless,$339.00 ,495.0
IPHONE 15 PLUS,512GB,tmobile,good,$307.00 ,495.0
IPHONE 15 PLUS,512GB,tmobile,fair,$202.00 ,495.0
IPHONE 15 PLUS,512GB,tmobile,damaged,$177.00 ,495.0
IPHONE 15 PLUS,512GB,unlocked,flawless,$415.48 ,520.0
IPHONE 15 PLUS,512GB,unlocked,good,$415.48 ,520.0
IPHONE 15 PLUS,512GB,unlocked,fair,$352.00 ,520.0
IPHONE 15 PLUS,512GB,unlocked,damaged,$258.00 ,520.0
IPHONE 15 PRO,128GB,att,flawless,$355.48 ,445.0
IPHONE 15 PRO,128GB,att,good,$314.00 ,445.0
IPHONE 15 PRO,128GB,att,fair,$207.00 ,445.0
IPHONE 15 PRO,128GB,att,damaged,$208.00 ,445.0
IPHONE 15 PRO,128GB,verizon,flawless,$355.48 ,445.0
IPHONE 15 PRO,128GB,verizon,good,$355.48 ,445.0
IPHONE 15 PRO,128GB,verizon,fair,$338.09 ,445.0
IPHONE 15 PRO,128GB,verizon,damaged,$320.00 ,445.0
IPHONE 15 PRO,128GB,tmobile,flawless,$355.48 ,445.0
IPHONE 15 PRO,128GB,tmobile,good,$332.00 ,445.0
IPHONE 15 PRO,128GB,tmobile,fair,$222.00 ,445.0
IPHONE 15 PRO,128GB,tmobile,damaged,$158.00 ,445.0
IPHONE 15 PRO,128GB,unlocked,flawless,$355.48 ,470.0
IPHONE 15 PRO,128GB,unlocked,good,$355.48 ,470.0
IPHONE 15 PRO,128GB,unlocked,fair,$332.00 ,470.0
IPHONE 15 PRO,128GB,unlocked,damaged,$255.00 ,470.0
IPHONE 15 PRO,256GB,att,flawless,$409.00 ,490.0
IPHONE 15 PRO,256GB,att,good,$354.00 ,490.0
IPHONE 15 PRO,256GB,att,fair,$236.00 ,490.0
IPHONE 15 PRO,256GB,att,damaged,$247.00 ,490.0
IPHONE 15 PRO,256GB,verizon,flawless,$428.00 ,490.0
IPHONE 15 PRO,256GB,verizon,good,$379.00 ,490.0
IPHONE 15 PRO,256GB,verizon,fair,$270.00 ,490.0
IPHONE 15 PRO,256GB,verizon,damaged,$261.00 ,490.0
IPHONE 15 PRO,256GB,tmobile,flawless,$417.00 ,490.0
IPHONE 15 PRO,256GB,tmobile,good,$372.00 ,490.0
IPHONE 15 PRO,256GB,tmobile,fair,$262.00 ,490.0
IPHONE 15 PRO,256GB,tmobile,damaged,$183.00 ,490.0
IPHONE 15 PRO,256GB,unlocked,flawless,$433.08 ,515.0
IPHONE 15 PRO,256GB,unlocked,good,$433.08 ,515.0
IPHONE 15 PRO,256GB,unlocked,fair,$372.00 ,515.0
IPHONE 15 PRO,256GB,unlocked,damaged,$295.00 ,515.0
IPHONE 15 PRO,512GB,att,flawless,$443.48 ,525.0
IPHONE 15 PRO,512GB,att,good,$403.00 ,525.0
IPHONE 15 PRO,512GB,att,fair,$276.00 ,525.0
IPHONE 15 PRO,512GB,att,damaged,$287.00 ,525.0
IPHONE 15 PRO,512GB,verizon,flawless,$440.00 ,525.0
IPHONE 15 PRO,512GB,verizon,good,$387.00 ,525.0
IPHONE 15 PRO,512GB,verizon,fair,$301.00 ,525.0
IPHONE 15 PRO,512GB,verizon,damaged,$302.00 ,525.0
IPHONE 15 PRO,512GB,tmobile,flawless,$443.48 ,525.0
IPHONE 15 PRO,512GB,tmobile,good,$412.00 ,525.0
IPHONE 15 PRO,512GB,tmobile,fair,$292.00 ,525.0
IPHONE 15 PRO,512GB,tmobile,damaged,$212.00 ,525.0
IPHONE 15 PRO,512GB,unlocked,flawless,$443.48 ,550.0
IPHONE 15 PRO,512GB,unlocked,good,$443.48 ,550.0
IPHONE 15 PRO,512GB,unlocked,fair,$402.00 ,550.0
IPHONE 15 PRO,512GB,unlocked,damaged,$341.00 ,550.0
IPHONE 15 PRO,1TB,att,flawless,$447.48 ,570.0
IPHONE 15 PRO,1TB,att,good,$447.48 ,570.0
IPHONE 15 PRO,1TB,att,fair,$302.00 ,570.0
IPHONE 15 PRO,1TB,att,damaged,$303.00 ,570.0
IPHONE 15 PRO,1TB,verizon,flawless,$447.48 ,570.0
IPHONE 15 PRO,1TB,verizon,good,$436.00 ,570.0
IPHONE 15 PRO,1TB,verizon,fair,$308.00 ,570.0
IPHONE 15 PRO,1TB,verizon,damaged,$307.00 ,570.0
IPHONE 15 PRO,1TB,tmobile,flawless,$447.48 ,570.0
IPHONE 15 PRO,1TB,tmobile,good,$447.48 ,570.0
IPHONE 15 PRO,1TB,tmobile,fair,$347.00 ,570.0
IPHONE 15 PRO,1TB,tmobile,damaged,$242.00 ,570.0
IPHONE 15 PRO,1TB,unlocked,flawless,$447.48 ,595.0
IPHONE 15 PRO,1TB,unlocked,good,$447.48 ,595.0
IPHONE 15 PRO,1TB,unlocked,fair,$430.09 ,595.0
IPHONE 15 PRO,1TB,unlocked,damaged,$412.70 ,595.0
IPHONE 15 PRO MAX,256GB,att,flawless,$430.99 ,574.0
IPHONE 15 PRO MAX,256GB,att,good,$394.00 ,574.0
IPHONE 15 PRO MAX,256GB,att,fair,$302.00 ,574.0
IPHONE 15 PRO MAX,256GB,att,damaged,$252.00 ,574.0
IPHONE 15 PRO MAX,256GB,verizon,flawless,$404.00 ,574.0
IPHONE 15 PRO MAX,256GB,verizon,good,$359.00 ,574.0
IPHONE 15 PRO MAX,256GB,verizon,fair,$299.00 ,574.0
IPHONE 15 PRO MAX,256GB,verizon,damaged,$272.00 ,574.0
IPHONE 15 PRO MAX,256GB,tmobile,flawless,$434.00 ,574.0
IPHONE 15 PRO MAX,256GB,tmobile,good,$402.00 ,574.0
IPHONE 15 PRO MAX,256GB,tmobile,fair,$317.00 ,574.0
IPHONE 15 PRO MAX,256GB,tmobile,damaged,$243.00 ,574.0
IPHONE 15 PRO MAX,256GB,unlocked,flawless,$479.48 ,599.0
IPHONE 15 PRO MAX,256GB,unlocked,good,$479.48 ,599.0
IPHONE 15 PRO MAX,256GB,unlocked,fair,$407.00 ,599.0
IPHONE 15 PRO MAX,256GB,unlocked,damaged,$392.00 ,599.0
IPHONE 15 PRO MAX,512GB,att,flawless,$460.99 ,593.0
IPHONE 15 PRO MAX,512GB,att,good,$417.00 ,593.0
IPHONE 15 PRO MAX,512GB,att,fair,$332.00 ,593.0
IPHONE 15 PRO MAX,512GB,att,damaged,$282.00 ,593.0
IPHONE 15 PRO MAX,512GB,verizon,flawless,$434.00 ,593.0
IPHONE 15 PRO MAX,512GB,verizon,good,$401.00 ,593.0
IPHONE 15 PRO MAX,512GB,verizon,fair,$322.00 ,593.0
IPHONE 15 PRO MAX,512GB,verizon,damaged,$302.00 ,593.0
IPHONE 15 PRO MAX,512GB,tmobile,flawless,$464.00 ,593.0
IPHONE 15 PRO MAX,512GB,tmobile,good,$432.00 ,593.0
IPHONE 15 PRO MAX,512GB,tmobile,fair,$347.00 ,593.0
IPHONE 15 PRO MAX,512GB,tmobile,damaged,$273.00 ,593.0
IPHONE 15 PRO MAX,512GB,unlocked,flawless,$495.48 ,618.0
IPHONE 15 PRO MAX,512GB,unlocked,good,$495.48 ,618.0
IPHONE 15 PRO MAX,512GB,unlocked,fair,$437.00 ,618.0
IPHONE 15 PRO MAX,512GB,unlocked,damaged,$427.00 ,618.0
IPHONE 15 PRO MAX,1TB,att,flawless,$495.48 ,640.0
IPHONE 15 PRO MAX,1TB,att,good,$464.00 ,640.0
IPHONE 15 PRO MAX,1TB,att,fair,$372.00 ,640.0
IPHONE 15 PRO MAX,1TB,att,damaged,$312.00 ,640.0
IPHONE 15 PRO MAX,1TB,verizon,flawless,$479.00 ,640.0
IPHONE 15 PRO MAX,1TB,verizon,good,$457.00 ,640.0
IPHONE 15 PRO MAX,1TB,verizon,fair,$356.00 ,640.0
IPHONE 15 PRO MAX,1TB,verizon,damaged,$332.00 ,640.0
IPHONE 15 PRO MAX,1TB,tmobile,flawless,$495.48 ,640.0
IPHONE 15 PRO MAX,1TB,tmobile,good,$472.00 ,640.0
IPHONE 15 PRO MAX,1TB,tmobile,fair,$387.00 ,640.0
IPHONE 15 PRO MAX,1TB,tmobile,damaged,$303.00 ,640.0
IPHONE 15 PRO MAX,1TB,unlocked,flawless,$495.48 ,665.0
IPHONE 15 PRO MAX,1TB,unlocked,good,$495.48 ,665.0
IPHONE 15 PRO MAX,1TB,unlocked,fair,$476.00 ,665.0
IPHONE 15 PRO MAX,1TB,unlocked,damaged,$460.70 ,665.0
IPHONE 16,128GB,att,flawless,$347.99 ,504.95000000000005
IPHONE 16,128GB,att,good,$296.00 ,504.95000000000005
IPHONE 16,128GB,att,fair,$237.00 ,504.95000000000005
IPHONE 16,128GB,att,damaged,$153.00 ,504.95000000000005
IPHONE 16,128GB,verizon,flawless,$350.50 ,504.95000000000005
IPHONE 16,128GB,verizon,good,$306.00 ,504.95000000000005
IPHONE 16,128GB,verizon,fair,$247.00 ,504.95000000000005
IPHONE 16,128GB,verizon,damaged,$209.00 ,504.95000000000005
IPHONE 16,128GB,tmobile,flawless,$346.00 ,504.95000000000005
IPHONE 16,128GB,tmobile,good,$286.00 ,504.95000000000005
IPHONE 16,128GB,tmobile,fair,$212.00 ,504.95000000000005
IPHONE 16,128GB,tmobile,damaged,$141.00 ,504.95000000000005
IPHONE 16,128GB,unlocked,flawless,$399.48 ,529.95
IPHONE 16,128GB,unlocked,good,$399.48 ,529.95
IPHONE 16,128GB,unlocked,fair,$337.00 ,529.95
IPHONE 16,128GB,unlocked,damaged,$279.00 ,529.95
IPHONE 16,256GB,att,flawless,$387.99 ,625.51
IPHONE 16,256GB,att,good,$343.00 ,625.51
IPHONE 16,256GB,att,fair,$267.00 ,625.51
IPHONE 16,256GB,att,damaged,$193.00 ,625.51
IPHONE 16,256GB,verizon,flawless,$408.00 ,625.51
IPHONE 16,256GB,verizon,good,$353.00 ,625.51
IPHONE 16,256GB,verizon,fair,$279.00 ,625.51
IPHONE 16,256GB,verizon,damaged,$224.00 ,625.51
IPHONE 16,256GB,tmobile,flawless,$371.00 ,625.51
IPHONE 16,256GB,tmobile,good,$317.00 ,625.51
IPHONE 16,256GB,tmobile,fair,$242.00 ,625.51
IPHONE 16,256GB,tmobile,damaged,$190.00 ,625.51
IPHONE 16,256GB,unlocked,flawless,$463.48 ,650.51
IPHONE 16,256GB,unlocked,good,$442.00 ,650.51
IPHONE 16,256GB,unlocked,fair,$367.00 ,650.51
IPHONE 16,256GB,unlocked,damaged,$316.00 ,650.51
IPHONE 16,512GB,att,flawless,$411.99 ,644.0
IPHONE 16,512GB,att,good,$361.00 ,644.0
IPHONE 16,512GB,att,fair,$297.00 ,644.0
IPHONE 16,512GB,att,damaged,$243.00 ,644.0
IPHONE 16,512GB,verizon,flawless,$428.00 ,644.0
IPHONE 16,512GB,verizon,good,$371.00 ,644.0
IPHONE 16,512GB,verizon,fair,$307.00 ,644.0
IPHONE 16,512GB,verizon,damaged,$272.00 ,644.0
IPHONE 16,512GB,tmobile,flawless,$411.00 ,644.0
IPHONE 16,512GB,tmobile,good,$356.00 ,644.0
IPHONE 16,512GB,tmobile,fair,$272.00 ,644.0
IPHONE 16,512GB,tmobile,damaged,$230.00 ,644.0
IPHONE 16,512GB,unlocked,flawless,$524.99 ,669.0
IPHONE 16,512GB,unlocked,good,$472.00 ,669.0
IPHONE 16,512GB,unlocked,fair,$397.00 ,669.0
IPHONE 16,512GB,unlocked,damaged,$366.00 ,669.0
IPHONE 16 PLUS,128GB,att,flawless,$372.99 ,520.0
IPHONE 16 PLUS,128GB,att,good,$350.00 ,520.0
IPHONE 16 PLUS,128GB,att,fair,$257.00 ,520.0
IPHONE 16 PLUS,128GB,att,damaged,$218.00 ,520.0
IPHONE 16 PLUS,128GB,verizon,flawless,$411.48 ,520.0
IPHONE 16 PLUS,128GB,verizon,good,$388.00 ,520.0
IPHONE 16 PLUS,128GB,verizon,fair,$315.00 ,520.0
IPHONE 16 PLUS,128GB,verizon,damaged,$236.00 ,520.0
IPHONE 16 PLUS,128GB,tmobile,flawless,$411.48 ,520.0
IPHONE 16 PLUS,128GB,tmobile,good,$384.00 ,520.0
IPHONE 16 PLUS,128GB,tmobile,fair,$257.00 ,520.0
IPHONE 16 PLUS,128GB,tmobile,damaged,$183.00 ,520.0
IPHONE 16 PLUS,128GB,unlocked,flawless,$411.48 ,545.0
IPHONE 16 PLUS,128GB,unlocked,good,$411.48 ,545.0
IPHONE 16 PLUS,128GB,unlocked,fair,$394.09 ,545.0
IPHONE 16 PLUS,128GB,unlocked,damaged,$274.00 ,545.0
IPHONE 16 PLUS,256GB,att,flawless,$411.99 ,669.0
IPHONE 16 PLUS,256GB,att,good,$371.00 ,669.0
IPHONE 16 PLUS,256GB,att,fair,$298.00 ,669.0
IPHONE 16 PLUS,256GB,att,damaged,$258.00 ,669.0
IPHONE 16 PLUS,256GB,verizon,flawless,$476.00 ,669.0
IPHONE 16 PLUS,256GB,verizon,good,$427.00 ,669.0
IPHONE 16 PLUS,256GB,verizon,fair,$355.00 ,669.0
IPHONE 16 PLUS,256GB,verizon,damaged,$276.00 ,669.0
IPHONE 16 PLUS,256GB,tmobile,flawless,$463.00 ,669.0
IPHONE 16 PLUS,256GB,tmobile,good,$409.00 ,669.0
IPHONE 16 PLUS,256GB,tmobile,fair,$297.00 ,669.0
IPHONE 16 PLUS,256GB,tmobile,damaged,$223.00 ,669.0
IPHONE 16 PLUS,256GB,unlocked,flawless,$503.48 ,694.0
IPHONE 16 PLUS,256GB,unlocked,good,$503.48 ,694.0
IPHONE 16 PLUS,256GB,unlocked,fair,$446.00 ,694.0
IPHONE 16 PLUS,256GB,unlocked,damaged,$334.00 ,694.0
IPHONE 16 PLUS,512GB,att,flawless,$462.99 ,774.99
IPHONE 16 PLUS,512GB,att,good,$421.00 ,774.99
IPHONE 16 PLUS,512GB,att,fair,$332.00 ,774.99
IPHONE 16 PLUS,512GB,att,damaged,$303.00 ,774.99
IPHONE 16 PLUS,512GB,verizon,flawless,$514.00 ,774.99
IPHONE 16 PLUS,512GB,verizon,good,$463.00 ,774.99
IPHONE 16 PLUS,512GB,verizon,fair,$389.00 ,774.99
IPHONE 16 PLUS,512GB,verizon,damaged,$321.00 ,774.99
IPHONE 16 PLUS,512GB,tmobile,flawless,$501.00 ,774.99
IPHONE 16 PLUS,512GB,tmobile,good,$459.00 ,774.99
IPHONE 16 PLUS,512GB,tmobile,fair,$332.00 ,774.99
IPHONE 16 PLUS,512GB,tmobile,damaged,$268.00 ,774.99
IPHONE 16 PLUS,512GB,unlocked,flawless,$608.99 ,799.99
IPHONE 16 PLUS,512GB,unlocked,good,$578.00 ,799.99
IPHONE 16 PLUS,512GB,unlocked,fair,$481.00 ,799.99
IPHONE 16 PLUS,512GB,unlocked,damaged,$367.00 ,799.99
IPHONE 16 PRO,128GB,att,flawless,$476.00 ,624.0
IPHONE 16 PRO,128GB,att,good,$432.00 ,624.0
IPHONE 16 PRO,128GB,att,fair,$357.00 ,624.0
IPHONE 16 PRO,128GB,att,damaged,$253.00 ,624.0
IPHONE 16 PRO,128GB,verizon,flawless,$479.48 ,624.0
IPHONE 16 PRO,128GB,verizon,good,$479.48 ,624.0
IPHONE 16 PRO,128GB,verizon,fair,$462.09 ,624.0
IPHONE 16 PRO,128GB,verizon,damaged,$444.70 ,624.0
IPHONE 16 PRO,128GB,tmobile,flawless,$479.48 ,624.0
IPHONE 16 PRO,128GB,tmobile,good,$479.48 ,624.0
IPHONE 16 PRO,128GB,tmobile,fair,$387.00 ,624.0
IPHONE 16 PRO,128GB,tmobile,damaged,$223.00 ,624.0
IPHONE 16 PRO,128GB,unlocked,flawless,$479.48 ,649.0
IPHONE 16 PRO,128GB,unlocked,good,$479.48 ,649.0
IPHONE 16 PRO,128GB,unlocked,fair,$456.00 ,649.0
IPHONE 16 PRO,128GB,unlocked,damaged,$322.00 ,649.0
IPHONE 16 PRO,256GB,att,flawless,$513.00 ,684.95
IPHONE 16 PRO,256GB,att,good,$461.00 ,684.95
IPHONE 16 PRO,256GB,att,fair,$406.00 ,684.95
IPHONE 16 PRO,256GB,att,damaged,$322.00 ,684.95
IPHONE 16 PRO,256GB,verizon,flawless,$527.48 ,684.95
IPHONE 16 PRO,256GB,verizon,good,$517.00 ,684.95
IPHONE 16 PRO,256GB,verizon,fair,$441.00 ,684.95
IPHONE 16 PRO,256GB,verizon,damaged,$348.00 ,684.95
IPHONE 16 PRO,256GB,tmobile,flawless,$527.48 ,684.95
IPHONE 16 PRO,256GB,tmobile,good,$507.00 ,684.95
IPHONE 16 PRO,256GB,tmobile,fair,$431.00 ,684.95
IPHONE 16 PRO,256GB,tmobile,damaged,$292.00 ,684.95
IPHONE 16 PRO,256GB,unlocked,flawless,$527.48 ,709.95
IPHONE 16 PRO,256GB,unlocked,good,$527.48 ,709.95
IPHONE 16 PRO,256GB,unlocked,fair,$506.00 ,709.95
IPHONE 16 PRO,256GB,unlocked,damaged,$427.00 ,709.95
IPHONE 16 PRO,512GB,att,flawless,$560.00 ,744.0
IPHONE 16 PRO,512GB,att,good,$501.00 ,744.0
IPHONE 16 PRO,512GB,att,fair,$446.00 ,744.0
IPHONE 16 PRO,512GB,att,damaged,$387.00 ,744.0
IPHONE 16 PRO,512GB,verizon,flawless,$590.00 ,744.0
IPHONE 16 PRO,512GB,verizon,good,$547.00 ,744.0
IPHONE 16 PRO,512GB,verizon,fair,$481.00 ,744.0
IPHONE 16 PRO,512GB,verizon,damaged,$413.00 ,744.0
IPHONE 16 PRO,512GB,tmobile,flawless,$584.00 ,744.0
IPHONE 16 PRO,512GB,tmobile,good,$557.00 ,744.0
IPHONE 16 PRO,512GB,tmobile,fair,$471.00 ,744.0
IPHONE 16 PRO,512GB,tmobile,damaged,$332.00 ,744.0
IPHONE 16 PRO,512GB,unlocked,flawless,$595.48 ,769.0
IPHONE 16 PRO,512GB,unlocked,good,$595.48 ,769.0
IPHONE 16 PRO,512GB,unlocked,fair,$546.00 ,769.0
IPHONE 16 PRO,512GB,unlocked,damaged,$497.00 ,769.0
IPHONE 16 PRO,1TB,att,flawless,$623.00 ,784.0
IPHONE 16 PRO,1TB,att,good,$561.00 ,784.0
IPHONE 16 PRO,1TB,att,fair,$506.00 ,784.0
IPHONE 16 PRO,1TB,att,damaged,$442.00 ,784.0
IPHONE 16 PRO,1TB,verizon,flawless,$619.00 ,784.0
IPHONE 16 PRO,1TB,verizon,good,$517.00 ,784.0
IPHONE 16 PRO,1TB,verizon,fair,$468.00 ,784.0
IPHONE 16 PRO,1TB,verizon,damaged,$447.00 ,784.0
IPHONE 16 PRO,1TB,tmobile,flawless,$669.00 ,784.0
IPHONE 16 PRO,1TB,tmobile,good,$617.00 ,784.0
IPHONE 16 PRO,1TB,tmobile,fair,$531.00 ,784.0
IPHONE 16 PRO,1TB,tmobile,damaged,$392.00 ,784.0
IPHONE 16 PRO,1TB,unlocked,flawless,$727.48 ,809.0
IPHONE 16 PRO,1TB,unlocked,good,$727.48 ,809.0
IPHONE 16 PRO,1TB,unlocked,fair,$606.00 ,809.0
IPHONE 16 PRO,1TB,unlocked,damaged,$487.00 ,809.0
IPHONE 16 PRO MAX,256GB,att,flawless,$597.99 ,775.0
IPHONE 16 PRO MAX,256GB,att,good,$541.00 ,775.0
IPHONE 16 PRO MAX,256GB,att,fair,$476.00 ,775.0
IPHONE 16 PRO MAX,256GB,att,damaged,$381.00 ,775.0
IPHONE 16 PRO MAX,256GB,verizon,flawless,$607.00 ,775.0
IPHONE 16 PRO MAX,256GB,verizon,good,$587.00 ,775.0
IPHONE 16 PRO MAX,256GB,verizon,fair,$501.00 ,775.0
IPHONE 16 PRO MAX,256GB,verizon,damaged,$401.00 ,775.0
IPHONE 16 PRO MAX,256GB,tmobile,flawless,$615.48 ,775.0
IPHONE 16 PRO MAX,256GB,tmobile,good,$577.00 ,775.0
IPHONE 16 PRO MAX,256GB,tmobile,fair,$491.00 ,775.0
IPHONE 16 PRO MAX,256GB,tmobile,damaged,$356.00 ,775.0
IPHONE 16 PRO MAX,256GB,unlocked,flawless,$615.48 ,800.0
IPHONE 16 PRO MAX,256GB,unlocked,good,$615.48 ,800.0
IPHONE 16 PRO MAX,256GB,unlocked,fair,$596.00 ,800.0
IPHONE 16 PRO MAX,256GB,unlocked,damaged,$511.00 ,800.0
IPHONE 16 PRO MAX,512GB,att,flawless,$657.99 ,855.0
IPHONE 16 PRO MAX,512GB,att,good,$591.00 ,855.0
IPHONE 16 PRO MAX,512GB,att,fair,$526.00 ,855.0
IPHONE 16 PRO MAX,512GB,att,damaged,$453.00 ,855.0
IPHONE 16 PRO MAX,512GB,verizon,flawless,$663.00 ,855.0
IPHONE 16 PRO MAX,512GB,verizon,good,$647.00 ,855.0
IPHONE 16 PRO MAX,512GB,verizon,fair,$561.00 ,855.0
IPHONE 16 PRO MAX,512GB,verizon,damaged,$478.00 ,855.0
IPHONE 16 PRO MAX,512GB,tmobile,flawless,$679.48 ,855.0
IPHONE 16 PRO MAX,512GB,tmobile,good,$631.00 ,855.0
IPHONE 16 PRO MAX,512GB,tmobile,fair,$541.00 ,855.0
IPHONE 16 PRO MAX,512GB,tmobile,damaged,$446.00 ,855.0
IPHONE 16 PRO MAX,512GB,unlocked,flawless,$679.48 ,880.0
IPHONE 16 PRO MAX,512GB,unlocked,good,$679.48 ,880.0
IPHONE 16 PRO MAX,512GB,unlocked,fair,$646.00 ,880.0
IPHONE 16 PRO MAX,512GB,unlocked,damaged,$581.00 ,880.0
IPHONE 16 PRO MAX,1TB,att,flawless,$749.00 ,924.0
IPHONE 16 PRO MAX,1TB,att,good,$681.00 ,924.0
IPHONE 16 PRO MAX,1TB,att,fair,$616.00 ,924.0
IPHONE 16 PRO MAX,1TB,att,damaged,$523.00 ,924.0
IPHONE 16 PRO MAX,1TB,verizon,flawless,$750.00 ,924.0
IPHONE 16 PRO MAX,1TB,verizon,good,$734.00 ,924.0
IPHONE 16 PRO MAX,1TB,verizon,fair,$648.00 ,924.0
IPHONE 16 PRO MAX,1TB,verizon,damaged,$541.00 ,924.0
IPHONE 16 PRO MAX,1TB,tmobile,flawless,$751.48 ,924.0
IPHONE 16 PRO MAX,1TB,tmobile,good,$717.00 ,924.0
IPHONE 16 PRO MAX,1TB,tmobile,fair,$631.00 ,924.0
IPHONE 16 PRO MAX,1TB,tmobile,damaged,$496.00 ,924.0
IPHONE 16 PRO MAX,1TB,unlocked,flawless,$751.48 ,949.0
IPHONE 16 PRO MAX,1TB,unlocked,good,$751.48 ,949.0
IPHONE 16 PRO MAX,1TB,unlocked,fair,$734.09 ,949.0
IPHONE 16 PRO MAX,1TB,unlocked,damaged,$651.00 ,949.0
