<?xml version="1.0" encoding="UTF-8" standalone="yes"?>
<models>
  <model>
    <parentDevice>iphone</parentDevice>
    <modelID>iphone-13</modelID>
    <prices>
      <storageSize>128GB</storageSize>
      <priceValue>
        <att>
          <flawless>147</flawless>
          <good>147</good>
          <fair>96</fair>
          <broken>50</broken>
        </att>
        <verizon>
          <flawless>147</flawless>
          <good>147</good>
          <fair>93</fair>
          <broken>50</broken>
        </verizon>
        <tmobile>
          <flawless>147</flawless>
          <good>122.5</good>
          <fair>85</fair>
          <broken>47</broken>
        </tmobile>
        <unlocked>
          <flawless>165</flawless>
          <good>165</good>
          <fair>120</fair>
          <broken>67</broken>
        </unlocked>
      </priceValue>
    </prices>
    <prices>
      <storageSize>256GB</storageSize>
      <priceValue>
        <att>
          <flawless>176</flawless>
          <good>167</good>
          <fair>112</fair>
          <broken>58</broken>
        </att>
        <verizon>
          <flawless>174</flawless>
          <good>152</good>
          <fair>99</fair>
          <broken>57</broken>
        </verizon>
        <tmobile>
          <flawless>176</flawless>
          <good>143</good>
          <fair>101</fair>
          <broken>57</broken>
        </tmobile>
        <unlocked>
          <flawless>195</flawless>
          <good>195</good>
          <fair>142</fair>
          <broken>100</broken>
        </unlocked>
      </priceValue>
    </prices>
    <prices>
      <storageSize>512GB</storageSize>
      <priceValue>
        <att>
          <flawless>195</flawless>
          <good>195</good>
          <fair>125</fair>
          <broken>82</broken>
        </att>
        <verizon>
          <flawless>195</flawless>
          <good>184</good>
          <fair>119</fair>
          <broken>77</broken>
        </verizon>
        <tmobile>
          <flawless>189</flawless>
          <good>163</good>
          <fair>111</fair>
          <broken>77</broken>
        </tmobile>
        <unlocked>
          <flawless>213</flawless>
          <good>213</good>
          <fair>157</fair>
          <broken>128</broken>
        </unlocked>
      </priceValue>
    </prices>
    <slug>iphone-13</slug>
    <imageUrl>https://cdn.secondhandcell.com/images/iphone/assets/i13</imageUrl>
    <name>IPHONE 13</name>
    <brand>iphone</brand>
    <deeplink>https://secondhandcell.com/sell/?device=iphone-13&amp;storage={storage}&amp;carrier={carrier}&amp;quality={quality}</deeplink>
  </model>
  <model>
    <parentDevice>iphone</parentDevice>
    <modelID>iphone-13-pro</modelID>
    <prices>
      <storageSize>1TB</storageSize>
      <priceValue>
        <att>
          <flawless>276</flawless>
          <good>276</good>
          <fair>194</fair>
          <broken>147</broken>
        </att>
        <verizon>
          <flawless>276</flawless>
          <good>264</good>
          <fair>173</fair>
          <broken>102</broken>
        </verizon>
        <tmobile>
          <flawless>276</flawless>
          <good>260</good>
          <fair>174</fair>
          <broken>102</broken>
        </tmobile>
        <unlocked>
          <flawless>295</flawless>
          <good>295</good>
          <fair>219</fair>
          <broken>193</broken>
        </unlocked>
      </priceValue>
    </prices>
    <prices>
      <storageSize>128GB</storageSize>
      <priceValue>
        <att>
          <flawless>202</flawless>
          <good>202</good>
          <fair>139</fair>
          <broken>102</broken>
        </att>
        <verizon>
          <flawless>202</flawless>
          <good>197</good>
          <fair>139</fair>
          <broken>77</broken>
        </verizon>
        <tmobile>
          <flawless>202</flawless>
          <good>183</good>
          <fair>134</fair>
          <broken>66</broken>
        </tmobile>
        <unlocked>
          <flawless>220.5</flawless>
          <good>220.5</good>
          <fair>149</fair>
          <broken>127</broken>
        </unlocked>
      </priceValue>
    </prices>
    <prices>
      <storageSize>256GB</storageSize>
      <priceValue>
        <att>
          <flawless>231</flawless>
          <good>231</good>
          <fair>159</fair>
          <broken>112</broken>
        </att>
        <verizon>
          <flawless>231</flawless>
          <good>231</good>
          <fair>147</fair>
          <broken>78</broken>
        </verizon>
        <tmobile>
          <flawless>231</flawless>
          <good>219</good>
          <fair>141</fair>
          <broken>77</broken>
        </tmobile>
        <unlocked>
          <flawless>249</flawless>
          <good>249</good>
          <fair>184</fair>
          <broken>145</broken>
        </unlocked>
      </priceValue>
    </prices>
    <prices>
      <storageSize>512GB</storageSize>
      <priceValue>
        <att>
          <flawless>246</flawless>
          <good>246</good>
          <fair>182</fair>
          <broken>127</broken>
        </att>
        <verizon>
          <flawless>246</flawless>
          <good>246</good>
          <fair>161</fair>
          <broken>97</broken>
        </verizon>
        <tmobile>
          <flawless>246</flawless>
          <good>242</good>
          <fair>164</fair>
          <broken>97</broken>
        </tmobile>
        <unlocked>
          <flawless>264</flawless>
          <good>264</good>
          <fair>207</fair>
          <broken>173</broken>
        </unlocked>
      </priceValue>
    </prices>
    <slug>iphone-13-pro</slug>
    <imageUrl>https://cdn.secondhandcell.com/images/iphone/assets/i13p</imageUrl>
    <name>IPHONE 13 PRO</name>
    <brand>iphone</brand>
    <deeplink>https://secondhandcell.com/sell/?device=iphone-13-pro&amp;storage={storage}&amp;carrier={carrier}&amp;quality={quality}</deeplink>
  </model>
  <model>
    <parentDevice>iphone</parentDevice>
    <modelID>iphone-13-pro-max</modelID>
    <prices>
      <storageSize>1TB</storageSize>
      <priceValue>
        <att>
          <flawless>363</flawless>
          <good>363</good>
          <fair>268</fair>
          <broken>206</broken>
        </att>
        <verizon>
          <flawless>345</flawless>
          <good>317</good>
          <fair>199</fair>
          <broken>191</broken>
        </verizon>
        <tmobile>
          <flawless>339</flawless>
          <good>289</good>
          <fair>211</fair>
          <broken>171</broken>
        </tmobile>
        <unlocked>
          <flawless>383</flawless>
          <good>352</good>
          <fair>268</fair>
          <broken>254</broken>
        </unlocked>
      </priceValue>
    </prices>
    <prices>
      <storageSize>128GB</storageSize>
      <priceValue>
        <att>
          <flawless>252</flawless>
          <good>252</good>
          <fair>196</fair>
          <broken>131</broken>
        </att>
        <verizon>
          <flawless>252</flawless>
          <good>237</good>
          <fair>156</fair>
          <broken>141</broken>
        </verizon>
        <tmobile>
          <flawless>228</flawless>
          <good>203.5</good>
          <fair>147</fair>
          <broken>106</broken>
        </tmobile>
        <unlocked>
          <flawless>271</flawless>
          <good>271</good>
          <fair>198</fair>
          <broken>174</broken>
        </unlocked>
      </priceValue>
    </prices>
    <prices>
      <storageSize>256GB</storageSize>
      <priceValue>
        <att>
          <flawless>281</flawless>
          <good>281</good>
          <fair>241</fair>
          <broken>146</broken>
        </att>
        <verizon>
          <flawless>281</flawless>
          <good>281</good>
          <fair>182</fair>
          <broken>131</broken>
        </verizon>
        <tmobile>
          <flawless>280</flawless>
          <good>247</good>
          <fair>173</fair>
          <broken>121</broken>
        </tmobile>
        <unlocked>
          <flawless>301</flawless>
          <good>301</good>
          <fair>241</fair>
          <broken>194</broken>
        </unlocked>
      </priceValue>
    </prices>
    <prices>
      <storageSize>512GB</storageSize>
      <priceValue>
        <att>
          <flawless>337</flawless>
          <good>337</good>
          <fair>253</fair>
          <broken>186</broken>
        </att>
        <verizon>
          <flawless>337</flawless>
          <good>304</good>
          <fair>191</fair>
          <broken>191</broken>
        </verizon>
        <tmobile>
          <flawless>297</flawless>
          <good>269</good>
          <fair>191</fair>
          <broken>141</broken>
        </tmobile>
        <unlocked>
          <flawless>357</flawless>
          <good>329</good>
          <fair>253</fair>
          <broken>234</broken>
        </unlocked>
      </priceValue>
    </prices>
    <slug>iphone-13-pro-max</slug>
    <imageUrl>https://cdn.secondhandcell.com/images/iphone/assets/i13pm</imageUrl>
    <name>IPHONE 13 PRO MAX</name>
    <brand>iphone</brand>
    <deeplink>https://secondhandcell.com/sell/?device=iphone-13-pro-max&amp;storage={storage}&amp;carrier={carrier}&amp;quality={quality}</deeplink>
  </model>
  <model>
    <parentDevice>iphone</parentDevice>
    <modelID>iphone-14</modelID>
    <prices>
      <storageSize>128GB</storageSize>
      <priceValue>
        <att>
          <flawless>171</flawless>
          <good>165</good>
          <fair>106</fair>
          <broken>76</broken>
        </att>
        <verizon>
          <flawless>171</flawless>
          <good>158</good>
          <fair>102</fair>
          <broken>76</broken>
        </verizon>
        <tmobile>
          <flawless>171</flawless>
          <good>143</good>
          <fair>90</fair>
          <broken>76</broken>
        </tmobile>
        <unlocked>
          <flawless>190</flawless>
          <good>186</good>
          <fair>124</fair>
          <broken>96</broken>
        </unlocked>
      </priceValue>
    </prices>
    <prices>
      <storageSize>256GB</storageSize>
      <priceValue>
        <att>
          <flawless>209</flawless>
          <good>177</good>
          <fair>121</fair>
          <broken>111</broken>
        </att>
        <verizon>
          <flawless>208</flawless>
          <good>171</good>
          <fair>115</fair>
          <broken>111</broken>
        </verizon>
        <tmobile>
          <flawless>202</flawless>
          <good>165</good>
          <fair>103</fair>
          <broken>101</broken>
        </tmobile>
        <unlocked>
          <flawless>227</flawless>
          <good>216</good>
          <fair>159</fair>
          <broken>126</broken>
        </unlocked>
      </priceValue>
    </prices>
    <prices>
      <storageSize>512GB</storageSize>
      <priceValue>
        <att>
          <flawless>231</flawless>
          <good>231</good>
          <fair>192</fair>
          <broken>111</broken>
        </att>
        <verizon>
          <flawless>231</flawless>
          <good>221</good>
          <fair>159</fair>
          <broken>116</broken>
        </verizon>
        <tmobile>
          <flawless>231</flawless>
          <good>211</good>
          <fair>154</fair>
          <broken>96</broken>
        </tmobile>
        <unlocked>
          <flawless>249</flawless>
          <good>249</good>
          <fair>231</fair>
          <broken>136</broken>
        </unlocked>
      </priceValue>
    </prices>
    <slug>iphone-14</slug>
    <imageUrl>https://cdn.secondhandcell.com/images/iphone/assets/i14</imageUrl>
    <name>IPHONE 14</name>
    <brand>iphone</brand>
    <deeplink>https://secondhandcell.com/sell/?device=iphone-14&amp;storage={storage}&amp;carrier={carrier}&amp;quality={quality}</deeplink>
  </model>
  <model>
    <parentDevice>iphone</parentDevice>
    <modelID>iphone-14-plus</modelID>
    <prices>
      <storageSize>128GB</storageSize>
      <priceValue>
        <att>
          <flawless>173</flawless>
          <good>173</good>
          <fair>129</fair>
          <broken>122</broken>
        </att>
        <verizon>
          <flawless>173</flawless>
          <good>173</good>
          <fair>129</fair>
          <broken>127</broken>
        </verizon>
        <tmobile>
          <flawless>173</flawless>
          <good>173</good>
          <fair>116</fair>
          <broken>104</broken>
        </tmobile>
        <unlocked>
          <flawless>191</flawless>
          <good>191</good>
          <fair>157</fair>
          <broken>127</broken>
        </unlocked>
      </priceValue>
    </prices>
    <prices>
      <storageSize>256GB</storageSize>
      <priceValue>
        <att>
          <flawless>213</flawless>
          <good>213</good>
          <fair>161</fair>
          <broken>134</broken>
        </att>
        <verizon>
          <flawless>213</flawless>
          <good>213</good>
          <fair>145</fair>
          <broken>139</broken>
        </verizon>
        <tmobile>
          <flawless>213</flawless>
          <good>208</good>
          <fair>149</fair>
          <broken>116</broken>
        </tmobile>
        <unlocked>
          <flawless>232</flawless>
          <good>232</good>
          <fair>197</fair>
          <broken>139</broken>
        </unlocked>
      </priceValue>
    </prices>
    <prices>
      <storageSize>512GB</storageSize>
      <priceValue>
        <att>
          <flawless>252</flawless>
          <good>253</good>
          <fair>182</fair>
          <broken>146</broken>
        </att>
        <verizon>
          <flawless>252</flawless>
          <good>252</good>
          <fair>167</fair>
          <broken>149</broken>
        </verizon>
        <tmobile>
          <flawless>252</flawless>
          <good>243</good>
          <fair>169</fair>
          <broken>126</broken>
        </tmobile>
        <unlocked>
          <flawless>271</flawless>
          <good>271</good>
          <fair>217</fair>
          <broken>151</broken>
        </unlocked>
      </priceValue>
    </prices>
    <slug>iphone-14-plus</slug>
    <imageUrl>https://cdn.secondhandcell.com/images/iphone/assets/i14pl</imageUrl>
    <name>IPHONE 14 PLUS</name>
    <brand>iphone</brand>
    <deeplink>https://secondhandcell.com/sell/?device=iphone-14-plus&amp;storage={storage}&amp;carrier={carrier}&amp;quality={quality}</deeplink>
  </model>
  <model>
    <parentDevice>iphone</parentDevice>
    <modelID>iphone-14-pro</modelID>
    <prices>
      <storageSize>1TB</storageSize>
      <priceValue>
        <att>
          <flawless>299</flawless>
          <good>299</good>
          <fair>219</fair>
          <broken>199</broken>
        </att>
        <verizon>
          <flawless>299</flawless>
          <good>299</good>
          <fair>219</fair>
          <broken>199</broken>
        </verizon>
        <tmobile>
          <flawless>299</flawless>
          <good>299</good>
          <fair>209</fair>
          <broken>151</broken>
        </tmobile>
        <unlocked>
          <flawless>319</flawless>
          <good>319</good>
          <fair>287</fair>
          <broken>186</broken>
        </unlocked>
      </priceValue>
    </prices>
    <prices>
      <storageSize>128GB</storageSize>
      <priceValue>
        <att>
          <flawless>234</flawless>
          <good>229</good>
          <fair>164</fair>
          <broken>144</broken>
        </att>
        <verizon>
          <flawless>234</flawless>
          <good>228</good>
          <fair>164</fair>
          <broken>149</broken>
        </verizon>
        <tmobile>
          <flawless>234</flawless>
          <good>221</good>
          <fair>148</fair>
          <broken>131</broken>
        </tmobile>
        <unlocked>
          <flawless>252</flawless>
          <good>252</good>
          <fair>197</fair>
          <broken>164</broken>
        </unlocked>
      </priceValue>
    </prices>
    <prices>
      <storageSize>256GB</storageSize>
      <priceValue>
        <att>
          <flawless>257</flawless>
          <good>257</good>
          <fair>189</fair>
          <broken>169</broken>
        </att>
        <verizon>
          <flawless>257</flawless>
          <good>257</good>
          <fair>189</fair>
          <broken>169</broken>
        </verizon>
        <tmobile>
          <flawless>257</flawless>
          <good>255</good>
          <fair>168</fair>
          <broken>141</broken>
        </tmobile>
        <unlocked>
          <flawless>275</flawless>
          <good>275</good>
          <fair>227</fair>
          <broken>174</broken>
        </unlocked>
      </priceValue>
    </prices>
    <prices>
      <storageSize>512GB</storageSize>
      <priceValue>
        <att>
          <flawless>272</flawless>
          <good>272</good>
          <fair>199</fair>
          <broken>179</broken>
        </att>
        <verizon>
          <flawless>272</flawless>
          <good>272</good>
          <fair>199</fair>
          <broken>179</broken>
        </verizon>
        <tmobile>
          <flawless>272</flawless>
          <good>272</good>
          <fair>189</fair>
          <broken>151</broken>
        </tmobile>
        <unlocked>
          <flawless>291</flawless>
          <good>291</good>
          <fair>267</fair>
          <broken>175</broken>
        </unlocked>
      </priceValue>
    </prices>
    <slug>iphone-14-pro</slug>
    <imageUrl>https://cdn.secondhandcell.com/images/iphone/assets/i14p</imageUrl>
    <name>IPHONE 14 PRO</name>
    <brand>iphone</brand>
    <deeplink>https://secondhandcell.com/sell/?device=iphone-14-pro&amp;storage={storage}&amp;carrier={carrier}&amp;quality={quality}</deeplink>
  </model>
  <model>
    <parentDevice>iphone</parentDevice>
    <modelID>iphone-14-pro-max</modelID>
    <prices>
      <storageSize>1TB</storageSize>
      <priceValue>
        <att>
          <flawless>399</flawless>
          <good>337</good>
          <fair>251</fair>
          <broken>244</broken>
        </att>
        <verizon>
          <flawless>382</flawless>
          <good>309</good>
          <fair>216</fair>
          <broken>187</broken>
        </verizon>
        <tmobile>
          <flawless>399</flawless>
          <good>354</good>
          <fair>264</fair>
          <broken>177</broken>
        </tmobile>
        <unlocked>
          <flawless>419</flawless>
          <good>417</good>
          <fair>346</fair>
          <broken>294</broken>
        </unlocked>
      </priceValue>
    </prices>
    <prices>
      <storageSize>128GB</storageSize>
      <priceValue>
        <att>
          <flawless>301</flawless>
          <good>252</good>
          <fair>177</fair>
          <broken>136</broken>
        </att>
        <verizon>
          <flawless>284</flawless>
          <good>230</good>
          <fair>162</fair>
          <broken>151</broken>
        </verizon>
        <tmobile>
          <flawless>307</flawless>
          <good>257</good>
          <fair>188</fair>
          <broken>131</broken>
        </tmobile>
        <unlocked>
          <flawless>327</flawless>
          <good>327</good>
          <fair>266</fair>
          <broken>177</broken>
        </unlocked>
      </priceValue>
    </prices>
    <prices>
      <storageSize>256GB</storageSize>
      <priceValue>
        <att>
          <flawless>339</flawless>
          <good>284</good>
          <fair>206</fair>
          <broken>166</broken>
        </att>
        <verizon>
          <flawless>339</flawless>
          <good>272</good>
          <fair>185</fair>
          <broken>161</broken>
        </verizon>
        <tmobile>
          <flawless>339</flawless>
          <good>288</good>
          <fair>215</fair>
          <broken>146</broken>
        </tmobile>
        <unlocked>
          <flawless>359</flawless>
          <good>357</good>
          <fair>286</fair>
          <broken>216</broken>
        </unlocked>
      </priceValue>
    </prices>
    <prices>
      <storageSize>512GB</storageSize>
      <priceValue>
        <att>
          <flawless>364</flawless>
          <good>302</good>
          <fair>221</fair>
          <broken>206</broken>
        </att>
        <verizon>
          <flawless>361</flawless>
          <good>290</good>
          <fair>192</fair>
          <broken>167</broken>
        </verizon>
        <tmobile>
          <flawless>363</flawless>
          <good>324</good>
          <fair>234</fair>
          <broken>157</broken>
        </tmobile>
        <unlocked>
          <flawless>383</flawless>
          <good>383</good>
          <fair>316</fair>
          <broken>254</broken>
        </unlocked>
      </priceValue>
    </prices>
    <slug>iphone-14-pro-max</slug>
    <imageUrl>https://cdn.secondhandcell.com/images/iphone/assets/i14pm</imageUrl>
    <name>IPHONE 14 PRO MAX</name>
    <brand>iphone</brand>
    <deeplink>https://secondhandcell.com/sell/?device=iphone-14-pro-max&amp;storage={storage}&amp;carrier={carrier}&amp;quality={quality}</deeplink>
  </model>
  <model>
    <parentDevice>iphone</parentDevice>
    <modelID>iphone-15</modelID>
    <prices>
      <storageSize>128GB</storageSize>
      <priceValue>
        <att>
          <flawless>235</flawless>
          <good>199</good>
          <fair>143</fair>
          <broken>131</broken>
        </att>
        <verizon>
          <flawless>235</flawless>
          <good>215</good>
          <fair>144</fair>
          <broken>131</broken>
        </verizon>
        <tmobile>
          <flawless>235</flawless>
          <good>190</good>
          <fair>135</fair>
          <broken>126</broken>
        </tmobile>
        <unlocked>
          <flawless>254</flawless>
          <good>254</good>
          <fair>217</fair>
          <broken>149</broken>
        </unlocked>
      </priceValue>
    </prices>
    <prices>
      <storageSize>256GB</storageSize>
      <priceValue>
        <att>
          <flawless>283</flawless>
          <good>249</good>
          <fair>161</fair>
          <broken>156</broken>
        </att>
        <verizon>
          <flawless>283</flawless>
          <good>249</good>
          <fair>161</fair>
          <broken>156</broken>
        </verizon>
        <tmobile>
          <flawless>283</flawless>
          <good>228</good>
          <fair>145</fair>
          <broken>136</broken>
        </tmobile>
        <unlocked>
          <flawless>303</flawless>
          <good>303</good>
          <fair>257</fair>
          <broken>176</broken>
        </unlocked>
      </priceValue>
    </prices>
    <prices>
      <storageSize>512GB</storageSize>
      <priceValue>
        <att>
          <flawless>326</flawless>
          <good>290</good>
          <fair>206</fair>
          <broken>166</broken>
        </att>
        <verizon>
          <flawless>326</flawless>
          <good>284</good>
          <fair>206</fair>
          <broken>166</broken>
        </verizon>
        <tmobile>
          <flawless>326</flawless>
          <good>270</good>
          <fair>191</fair>
          <broken>146</broken>
        </tmobile>
        <unlocked>
          <flawless>346</flawless>
          <good>346</good>
          <fair>282</fair>
          <broken>209</broken>
        </unlocked>
      </priceValue>
    </prices>
    <slug>iphone-15</slug>
    <imageUrl>https://cdn.secondhandcell.com/images/iphone/assets/i15</imageUrl>
    <name>IPHONE 15</name>
    <brand>iphone</brand>
    <deeplink>https://secondhandcell.com/sell/?device=iphone-15&amp;storage={storage}&amp;carrier={carrier}&amp;quality={quality}</deeplink>
  </model>
  <model>
    <parentDevice>iphone</parentDevice>
    <modelID>iphone-15-plus</modelID>
    <prices>
      <storageSize>128GB</storageSize>
      <priceValue>
        <att>
          <flawless>261</flawless>
          <good>230</good>
          <fair>161</fair>
          <broken>159</broken>
        </att>
        <verizon>
          <flawless>261</flawless>
          <good>239</good>
          <fair>164</fair>
          <broken>151</broken>
        </verizon>
        <tmobile>
          <flawless>261</flawless>
          <good>241</good>
          <fair>161</fair>
          <broken>159</broken>
        </tmobile>
        <unlocked>
          <flawless>279</flawless>
          <good>279</good>
          <fair>262</fair>
          <broken>189</broken>
        </unlocked>
      </priceValue>
    </prices>
    <prices>
      <storageSize>256GB</storageSize>
      <priceValue>
        <att>
          <flawless>302</flawless>
          <good>261</good>
          <fair>165</fair>
          <broken>161</broken>
        </att>
        <verizon>
          <flawless>302</flawless>
          <good>275</good>
          <fair>199</fair>
          <broken>161</broken>
        </verizon>
        <tmobile>
          <flawless>302</flawless>
          <good>276</good>
          <fair>174</fair>
          <broken>161</broken>
        </tmobile>
        <unlocked>
          <flawless>322</flawless>
          <good>322</good>
          <fair>293</fair>
          <broken>191</broken>
        </unlocked>
      </priceValue>
    </prices>
    <prices>
      <storageSize>512GB</storageSize>
      <priceValue>
        <att>
          <flawless>339</flawless>
          <good>339</good>
          <fair>223</fair>
          <broken>191</broken>
        </att>
        <verizon>
          <flawless>339</flawless>
          <good>339</good>
          <fair>244</fair>
          <broken>171</broken>
        </verizon>
        <tmobile>
          <flawless>339</flawless>
          <good>304</good>
          <fair>201</fair>
          <broken>181</broken>
        </tmobile>
        <unlocked>
          <flawless>359</flawless>
          <good>359</good>
          <fair>333</fair>
          <broken>219</broken>
        </unlocked>
      </priceValue>
    </prices>
    <slug>iphone-15-plus</slug>
    <imageUrl>https://cdn.secondhandcell.com/images/iphone/assets/i15pl</imageUrl>
    <name>IPHONE 15 PLUS</name>
    <brand>iphone</brand>
    <deeplink>https://secondhandcell.com/sell/?device=iphone-15-plus&amp;storage={storage}&amp;carrier={carrier}&amp;quality={quality}</deeplink>
  </model>
  <model>
    <parentDevice>iphone</parentDevice>
    <modelID>iphone-15-pro</modelID>
    <prices>
      <storageSize>1TB</storageSize>
      <priceValue>
        <att>
          <flawless>399</flawless>
          <good>399</good>
          <fair>299</fair>
          <broken>217</broken>
        </att>
        <verizon>
          <flawless>399</flawless>
          <good>388</good>
          <fair>299</fair>
          <broken>221</broken>
        </verizon>
        <tmobile>
          <flawless>399</flawless>
          <good>380</good>
          <fair>342</fair>
          <broken>216</broken>
        </tmobile>
        <unlocked>
          <flawless>419</flawless>
          <good>419</good>
          <fair>391</fair>
          <broken>299</broken>
        </unlocked>
      </priceValue>
    </prices>
    <prices>
      <storageSize>128GB</storageSize>
      <priceValue>
        <att>
          <flawless>299</flawless>
          <good>286</good>
          <fair>199</fair>
          <broken>199</broken>
        </att>
        <verizon>
          <flawless>299</flawless>
          <good>280</good>
          <fair>181</fair>
          <broken>184</broken>
        </verizon>
        <tmobile>
          <flawless>299</flawless>
          <good>278</good>
          <fair>219</fair>
          <broken>161</broken>
        </tmobile>
        <unlocked>
          <flawless>319</flawless>
          <good>319</good>
          <fair>272</fair>
          <broken>200</broken>
        </unlocked>
      </priceValue>
    </prices>
    <prices>
      <storageSize>256GB</storageSize>
      <priceValue>
        <att>
          <flawless>335</flawless>
          <good>312</good>
          <fair>214</fair>
          <broken>172</broken>
        </att>
        <verizon>
          <flawless>335</flawless>
          <good>315</good>
          <fair>214</fair>
          <broken>196</broken>
        </verizon>
        <tmobile>
          <flawless>335</flawless>
          <good>312</good>
          <fair>254</fair>
          <broken>171</broken>
        </tmobile>
        <unlocked>
          <flawless>355</flawless>
          <good>355</good>
          <fair>312</fair>
          <broken>234</broken>
        </unlocked>
      </priceValue>
    </prices>
    <prices>
      <storageSize>512GB</storageSize>
      <priceValue>
        <att>
          <flawless>363</flawless>
          <good>346</good>
          <fair>249</fair>
          <broken>187</broken>
        </att>
        <verizon>
          <flawless>363</flawless>
          <good>349</good>
          <fair>249</fair>
          <broken>214</broken>
        </verizon>
        <tmobile>
          <flawless>363</flawless>
          <good>346</good>
          <fair>287</fair>
          <broken>181</broken>
        </tmobile>
        <unlocked>
          <flawless>383</flawless>
          <good>383</good>
          <fair>332</fair>
          <broken>269</broken>
        </unlocked>
      </priceValue>
    </prices>
    <slug>iphone-15-pro</slug>
    <imageUrl>https://cdn.secondhandcell.com/images/iphone/assets/i15p</imageUrl>
    <name>IPHONE 15 PRO</name>
    <brand>iphone</brand>
    <deeplink>https://secondhandcell.com/sell/?device=iphone-15-pro&amp;storage={storage}&amp;carrier={carrier}&amp;quality={quality}</deeplink>
  </model>
  <model>
    <parentDevice>iphone</parentDevice>
    <modelID>iphone-15-pro-max</modelID>
    <prices>
      <storageSize>1TB</storageSize>
      <priceValue>
        <att>
          <flawless>455</flawless>
          <good>407</good>
          <fair>339</fair>
          <broken>266</broken>
        </att>
        <verizon>
          <flawless>455</flawless>
          <good>435</good>
          <fair>269</fair>
          <broken>268</broken>
        </verizon>
        <tmobile>
          <flawless>455</flawless>
          <good>422</good>
          <fair>352</fair>
          <broken>266</broken>
        </tmobile>
        <unlocked>
          <flawless>475</flawless>
          <good>475</good>
          <fair>451</fair>
          <broken>359</broken>
        </unlocked>
      </priceValue>
    </prices>
    <prices>
      <storageSize>256GB</storageSize>
      <priceValue>
        <att>
          <flawless>401</flawless>
          <good>341</good>
          <fair>269</fair>
          <broken>201</broken>
        </att>
        <verizon>
          <flawless>403</flawless>
          <good>342</good>
          <fair>225</fair>
          <broken>223</broken>
        </verizon>
        <tmobile>
          <flawless>403</flawless>
          <good>351</good>
          <fair>284</fair>
          <broken>201</broken>
        </tmobile>
        <unlocked>
          <flawless>423</flawless>
          <good>423</good>
          <fair>371</fair>
          <broken>314</broken>
        </unlocked>
      </priceValue>
    </prices>
    <prices>
      <storageSize>512GB</storageSize>
      <priceValue>
        <att>
          <flawless>418</flawless>
          <good>379</good>
          <fair>309</fair>
          <broken>236</broken>
        </att>
        <verizon>
          <flawless>418</flawless>
          <good>372</good>
          <fair>239</fair>
          <broken>238</broken>
        </verizon>
        <tmobile>
          <flawless>418</flawless>
          <good>392</good>
          <fair>322</fair>
          <broken>236</broken>
        </tmobile>
        <unlocked>
          <flawless>438</flawless>
          <good>438</good>
          <fair>406</fair>
          <broken>349</broken>
        </unlocked>
      </priceValue>
    </prices>
    <slug>iphone-15-pro-max</slug>
    <imageUrl>https://cdn.secondhandcell.com/images/iphone/assets/i15pm</imageUrl>
    <name>IPHONE 15 PRO MAX</name>
    <brand>iphone</brand>
    <deeplink>https://secondhandcell.com/sell/?device=iphone-15-pro-max&amp;storage={storage}&amp;carrier={carrier}&amp;quality={quality}</deeplink>
  </model>
  <model>
    <parentDevice>iphone</parentDevice>
    <modelID>iphone-16</modelID>
    <prices>
      <storageSize>128GB</storageSize>
      <priceValue>
        <att>
          <flawless>347</flawless>
          <good>296</good>
          <fair>234</fair>
          <broken>147</broken>
        </att>
        <verizon>
          <flawless>347</flawless>
          <good>297</good>
          <fair>235</fair>
          <broken>147</broken>
        </verizon>
        <tmobile>
          <flawless>322</flawless>
          <good>285</good>
          <fair>212</fair>
          <broken>142</broken>
        </tmobile>
        <unlocked>
          <flawless>367</flawless>
          <good>367</good>
          <fair>333</fair>
          <broken>202</broken>
        </unlocked>
      </priceValue>
    </prices>
    <prices>
      <storageSize>256GB</storageSize>
      <priceValue>
        <att>
          <flawless>373</flawless>
          <good>335</good>
          <fair>271</fair>
          <broken>182</broken>
        </att>
        <verizon>
          <flawless>373</flawless>
          <good>329</good>
          <fair>271</fair>
          <broken>182</broken>
        </verizon>
        <tmobile>
          <flawless>364</flawless>
          <good>328</good>
          <fair>246</fair>
          <broken>182</broken>
        </tmobile>
        <unlocked>
          <flawless>464</flawless>
          <good>437</good>
          <fair>367</fair>
          <broken>252</broken>
        </unlocked>
      </priceValue>
    </prices>
    <prices>
      <storageSize>512GB</storageSize>
      <priceValue>
        <att>
          <flawless>408</flawless>
          <good>365.5</good>
          <fair>294</fair>
          <broken>227</broken>
        </att>
        <verizon>
          <flawless>408</flawless>
          <good>366</good>
          <fair>334</fair>
          <broken>227</broken>
        </verizon>
        <tmobile>
          <flawless>408</flawless>
          <good>366</good>
          <fair>272</fair>
          <broken>202</broken>
        </tmobile>
        <unlocked>
          <flawless>479</flawless>
          <good>467</good>
          <fair>393</fair>
          <broken>299</broken>
        </unlocked>
      </priceValue>
    </prices>
    <slug>iphone-16</slug>
    <imageUrl>https://cdn.secondhandcell.com/images/iphone/assets/i16</imageUrl>
    <name>IPHONE 16</name>
    <brand>iphone</brand>
    <deeplink>https://secondhandcell.com/sell/?device=iphone-16&amp;storage={storage}&amp;carrier={carrier}&amp;quality={quality}</deeplink>
  </model>
  <model>
    <parentDevice>iphone</parentDevice>
    <modelID>iphone-16-plus</modelID>
    <prices>
      <storageSize>128GB</storageSize>
      <priceValue>
        <att>
          <flawless>359</flawless>
          <good>346</good>
          <fair>259</fair>
          <broken>202</broken>
        </att>
        <verizon>
          <flawless>359</flawless>
          <good>352</good>
          <fair>308</fair>
          <broken>204</broken>
        </verizon>
        <tmobile>
          <flawless>359</flawless>
          <good>359</good>
          <fair>259</fair>
          <broken>177</broken>
        </tmobile>
        <unlocked>
          <flawless>379</flawless>
          <good>379</good>
          <fair>362</fair>
          <broken>252</broken>
        </unlocked>
      </priceValue>
    </prices>
    <prices>
      <storageSize>256GB</storageSize>
      <priceValue>
        <att>
          <flawless>408</flawless>
          <good>367.5</good>
          <fair>301</fair>
          <broken>242</broken>
        </att>
        <verizon>
          <flawless>434</flawless>
          <good>412</good>
          <fair>329</fair>
          <broken>244</broken>
        </verizon>
        <tmobile>
          <flawless>443</flawless>
          <good>388</good>
          <fair>301</fair>
          <broken>217</broken>
        </tmobile>
        <unlocked>
          <flawless>499</flawless>
          <good>499</good>
          <fair>426</fair>
          <broken>294</broken>
        </unlocked>
      </priceValue>
    </prices>
    <prices>
      <storageSize>512GB</storageSize>
      <priceValue>
        <att>
          <flawless>458</flawless>
          <good>423</good>
          <fair>336</fair>
          <broken>287</broken>
        </att>
        <verizon>
          <flawless>469</flawless>
          <good>434</good>
          <fair>364</fair>
          <broken>289</broken>
        </verizon>
        <tmobile>
          <flawless>488</flawless>
          <good>433</good>
          <fair>336</fair>
          <broken>262</broken>
        </tmobile>
        <unlocked>
          <flawless>583</flawless>
          <good>552</good>
          <fair>461</fair>
          <broken>339</broken>
        </unlocked>
      </priceValue>
    </prices>
    <slug>iphone-16-plus</slug>
    <imageUrl>https://cdn.secondhandcell.com/images/iphone/assets/i16pl</imageUrl>
    <name>IPHONE 16 PLUS</name>
    <brand>iphone</brand>
    <deeplink>https://secondhandcell.com/sell/?device=iphone-16-plus&amp;storage={storage}&amp;carrier={carrier}&amp;quality={quality}</deeplink>
  </model>
  <model>
    <parentDevice>iphone</parentDevice>
    <modelID>iphone-16-pro</modelID>
    <prices>
      <storageSize>1TB</storageSize>
      <priceValue>
        <att>
          <flawless>563</flawless>
          <good>516</good>
          <fair>456</fair>
          <broken>341</broken>
        </att>
        <verizon>
          <flawless>543</flawless>
          <good>488</good>
          <fair>362</fair>
          <broken>338</broken>
        </verizon>
        <tmobile>
          <flawless>571</flawless>
          <good>553</good>
          <fair>481</fair>
          <broken>336</broken>
        </tmobile>
        <unlocked>
          <flawless>591</flawless>
          <good>591</good>
          <fair>556</fair>
          <broken>435</broken>
        </unlocked>
      </priceValue>
    </prices>
    <prices>
      <storageSize>128GB</storageSize>
      <priceValue>
        <att>
          <flawless>420</flawless>
          <good>372</good>
          <fair>310</fair>
          <broken>237</broken>
        </att>
        <verizon>
          <flawless>381</flawless>
          <good>347</good>
          <fair>245</fair>
          <broken>243</broken>
        </verizon>
        <tmobile>
          <flawless>443</flawless>
          <good>413</good>
          <fair>334</fair>
          <broken>212</broken>
        </tmobile>
        <unlocked>
          <flawless>463</flawless>
          <good>463</good>
          <fair>406</fair>
          <broken>287</broken>
        </unlocked>
      </priceValue>
    </prices>
    <prices>
      <storageSize>256GB</storageSize>
      <priceValue>
        <att>
          <flawless>453</flawless>
          <good>416</good>
          <fair>359</fair>
          <broken>271</broken>
        </att>
        <verizon>
          <flawless>412</flawless>
          <good>369</good>
          <fair>272</fair>
          <broken>273</broken>
        </verizon>
        <tmobile>
          <flawless>491</flawless>
          <good>453</good>
          <fair>381</fair>
          <broken>246</broken>
        </tmobile>
        <unlocked>
          <flawless>511</flawless>
          <good>511</good>
          <fair>456</fair>
          <broken>326</broken>
        </unlocked>
      </priceValue>
    </prices>
    <prices>
      <storageSize>512GB</storageSize>
      <priceValue>
        <att>
          <flawless>500</flawless>
          <good>456</good>
          <fair>399</fair>
          <broken>321</broken>
        </att>
        <verizon>
          <flawless>454</flawless>
          <good>409</good>
          <fair>322</fair>
          <broken>323</broken>
        </verizon>
        <tmobile>
          <flawless>539</flawless>
          <good>493</good>
          <fair>421</fair>
          <broken>296</broken>
        </tmobile>
        <unlocked>
          <flawless>559</flawless>
          <good>559</good>
          <fair>496</fair>
          <broken>386</broken>
        </unlocked>
      </priceValue>
    </prices>
    <slug>iphone-16-pro</slug>
    <imageUrl>https://cdn.secondhandcell.com/images/iphone/assets/i16p</imageUrl>
    <name>IPHONE 16 PRO</name>
    <brand>iphone</brand>
    <deeplink>https://secondhandcell.com/sell/?device=iphone-16-pro&amp;storage={storage}&amp;carrier={carrier}&amp;quality={quality}</deeplink>
  </model>
  <model>
    <parentDevice>iphone</parentDevice>
    <modelID>iphone-16-pro-max</modelID>
    <prices>
      <storageSize>1TB</storageSize>
      <priceValue>
        <att>
          <flawless>678</flawless>
          <good>626</good>
          <fair>571</fair>
          <broken>426</broken>
        </att>
        <verizon>
          <flawless>678</flawless>
          <good>609</good>
          <fair>500</fair>
          <broken>428</broken>
        </verizon>
        <tmobile>
          <flawless>683</flawless>
          <good>653</good>
          <fair>586</fair>
          <broken>426</broken>
        </tmobile>
        <unlocked>
          <flawless>703</flawless>
          <good>703</good>
          <fair>685</fair>
          <broken>408</broken>
        </unlocked>
      </priceValue>
    </prices>
    <prices>
      <storageSize>256GB</storageSize>
      <priceValue>
        <att>
          <flawless>537</flawless>
          <good>491</good>
          <fair>437</fair>
          <broken>305</broken>
        </att>
        <verizon>
          <flawless>509</flawless>
          <good>471</good>
          <fair>362</fair>
          <broken>307</broken>
        </verizon>
        <tmobile>
          <flawless>563</flawless>
          <good>523</good>
          <fair>452</fair>
          <broken>305</broken>
        </tmobile>
        <unlocked>
          <flawless>583</flawless>
          <good>583</good>
          <fair>551</fair>
          <broken>353</broken>
        </unlocked>
      </priceValue>
    </prices>
    <prices>
      <storageSize>512GB</storageSize>
      <priceValue>
        <att>
          <flawless>588</flawless>
          <good>541</good>
          <fair>483</fair>
          <broken>366</broken>
        </att>
        <verizon>
          <flawless>588</flawless>
          <good>528</good>
          <fair>415</fair>
          <broken>368</broken>
        </verizon>
        <tmobile>
          <flawless>625</flawless>
          <good>593</good>
          <fair>496</fair>
          <broken>366</broken>
        </tmobile>
        <unlocked>
          <flawless>647</flawless>
          <good>647</good>
          <fair>601</fair>
          <broken>388</broken>
        </unlocked>
      </priceValue>
    </prices>
    <slug>iphone-16-pro-max</slug>
    <imageUrl>https://cdn.secondhandcell.com/images/iphone/assets/i16pm</imageUrl>
    <name>IPHONE 16 PRO MAX</name>
    <brand>iphone</brand>
    <deeplink>https://secondhandcell.com/sell/?device=iphone-16-pro-max&amp;storage={storage}&amp;carrier={carrier}&amp;quality={quality}</deeplink>
  </model>
  <model>
    <parentDevice>samsung</parentDevice>
    <modelID>galaxy-s21</modelID>
    <prices>
      <storageSize>128GB</storageSize>
      <priceValue>
        <att>
          <flawless>63</flawless>
          <good>53</good>
          <fair>34</fair>
          <broken>16</broken>
        </att>
        <verizon>
          <flawless>63</flawless>
          <good>53</good>
          <fair>34</fair>
          <broken>16</broken>
        </verizon>
        <tmobile>
          <flawless>59</flawless>
          <good>47</good>
          <fair>25</fair>
          <broken>16</broken>
        </tmobile>
        <unlocked>
          <flawless>78</flawless>
          <good>61</good>
          <fair>42</fair>
          <broken>22</broken>
        </unlocked>
      </priceValue>
    </prices>
    <prices>
      <storageSize>256GB</storageSize>
      <priceValue>
        <att>
          <flawless>73</flawless>
          <good>61</good>
          <fair>39</fair>
          <broken>20</broken>
        </att>
        <verizon>
          <flawless>74</flawless>
          <good>61</good>
          <fair>39</fair>
          <broken>20</broken>
        </verizon>
        <tmobile>
          <flawless>69</flawless>
          <good>53</good>
          <fair>30</fair>
          <broken>20</broken>
        </tmobile>
        <unlocked>
          <flawless>88</flawless>
          <good>85</good>
          <fair>47</fair>
          <broken>22</broken>
        </unlocked>
      </priceValue>
    </prices>
    <slug>galaxy-s21</slug>
    <imageUrl>https://cdn.secondhandcell.com/images/samsung/assets/s21</imageUrl>
    <name>S21</name>
    <brand>samsung</brand>
    <deeplink>https://secondhandcell.com/sell/?device=galaxy-s21&amp;storage={storage}&amp;carrier={carrier}&amp;quality={quality}</deeplink>
  </model>
  <model>
    <parentDevice>samsung</parentDevice>
    <modelID>galaxy-s21-fe</modelID>
    <prices>
      <storageSize>128GB</storageSize>
      <priceValue>
        <att>
          <flawless>48</flawless>
          <good>39</good>
          <fair>26</fair>
          <broken>16</broken>
        </att>
        <verizon>
          <flawless>48</flawless>
          <good>39</good>
          <fair>26</fair>
          <broken>16</broken>
        </verizon>
        <tmobile>
          <flawless>48</flawless>
          <good>39</good>
          <fair>26</fair>
          <broken>11</broken>
        </tmobile>
        <unlocked>
          <flawless>63</flawless>
          <good>55</good>
          <fair>36</fair>
          <broken>16</broken>
        </unlocked>
      </priceValue>
    </prices>
    <prices>
      <storageSize>256GB</storageSize>
      <priceValue>
        <att>
          <flawless>61</flawless>
          <good>47</good>
          <fair>36</fair>
          <broken>21</broken>
        </att>
        <verizon>
          <flawless>61</flawless>
          <good>47</good>
          <fair>31</fair>
          <broken>21</broken>
        </verizon>
        <tmobile>
          <flawless>61</flawless>
          <good>47</good>
          <fair>35</fair>
          <broken>16</broken>
        </tmobile>
        <unlocked>
          <flawless>80</flawless>
          <good>67</good>
          <fair>46</fair>
          <broken>21</broken>
        </unlocked>
      </priceValue>
    </prices>
    <slug>galaxy-s21-fe</slug>
    <imageUrl>https://cdn.secondhandcell.com/images/samsung/assets/s21fe</imageUrl>
    <name>S21 FE</name>
    <brand>samsung</brand>
    <deeplink>https://secondhandcell.com/sell/?device=galaxy-s21-fe&amp;storage={storage}&amp;carrier={carrier}&amp;quality={quality}</deeplink>
  </model>
  <model>
    <parentDevice>samsung</parentDevice>
    <modelID>galaxy-s21-plus</modelID>
    <prices>
      <storageSize>128GB</storageSize>
      <priceValue>
        <att>
          <flawless>84</flawless>
          <good>84</good>
          <fair>36</fair>
          <broken>22</broken>
        </att>
        <verizon>
          <flawless>68.5</flawless>
          <good>57</good>
          <fair>36</fair>
          <broken>17</broken>
        </verizon>
        <tmobile>
          <flawless>73</flawless>
          <good>56</good>
          <fair>36</fair>
          <broken>17</broken>
        </tmobile>
        <unlocked>
          <flawless>98</flawless>
          <good>88</good>
          <fair>51</fair>
          <broken>27</broken>
        </unlocked>
      </priceValue>
    </prices>
    <prices>
      <storageSize>256GB</storageSize>
      <priceValue>
        <att>
          <flawless>106</flawless>
          <good>98</good>
          <fair>46</fair>
          <broken>23</broken>
        </att>
        <verizon>
          <flawless>89</flawless>
          <good>70</good>
          <fair>46</fair>
          <broken>20</broken>
        </verizon>
        <tmobile>
          <flawless>90</flawless>
          <good>80</good>
          <fair>46</fair>
          <broken>18</broken>
        </tmobile>
        <unlocked>
          <flawless>116</flawless>
          <good>100</good>
          <fair>61</fair>
          <broken>28</broken>
        </unlocked>
      </priceValue>
    </prices>
    <slug>galaxy-s21-plus</slug>
    <imageUrl>https://cdn.secondhandcell.com/images/samsung/assets/s21p</imageUrl>
    <name>S21+</name>
    <brand>samsung</brand>
    <deeplink>https://secondhandcell.com/sell/?device=galaxy-s21-plus&amp;storage={storage}&amp;carrier={carrier}&amp;quality={quality}</deeplink>
  </model>
  <model>
    <parentDevice>samsung</parentDevice>
    <modelID>galaxy-s22</modelID>
    <prices>
      <storageSize>128GB</storageSize>
      <priceValue>
        <att>
          <flawless>80</flawless>
          <good>74</good>
          <fair>47</fair>
          <broken>30</broken>
        </att>
        <verizon>
          <flawless>80</flawless>
          <good>73</good>
          <fair>48</fair>
          <broken>18</broken>
        </verizon>
        <tmobile>
          <flawless>80</flawless>
          <good>70</good>
          <fair>45</fair>
          <broken>20</broken>
        </tmobile>
        <unlocked>
          <flawless>98</flawless>
          <good>86</good>
          <fair>56</fair>
          <broken>35</broken>
        </unlocked>
      </priceValue>
    </prices>
    <prices>
      <storageSize>256gb</storageSize>
      <priceValue>
        <att>
          <flawless>79</flawless>
          <good>79</good>
          <fair>52</fair>
          <broken>33</broken>
        </att>
        <verizon>
          <flawless>79</flawless>
          <good>79</good>
          <fair>51</fair>
          <broken>20</broken>
        </verizon>
        <tmobile>
          <flawless>79</flawless>
          <good>79</good>
          <fair>44</fair>
          <broken>25</broken>
        </tmobile>
        <unlocked>
          <flawless>98</flawless>
          <good>98</good>
          <fair>64</fair>
          <broken>40</broken>
        </unlocked>
      </priceValue>
    </prices>
    <slug>galaxy-s22</slug>
    <imageUrl>https://cdn.secondhandcell.com/images/samsung/assets/s22</imageUrl>
    <name>S22</name>
    <brand>samsung</brand>
    <deeplink>https://secondhandcell.com/sell/?device=galaxy-s22&amp;storage={storage}&amp;carrier={carrier}&amp;quality={quality}</deeplink>
  </model>
  <model>
    <parentDevice>samsung</parentDevice>
    <modelID>galaxy-s22-ultra</modelID>
    <prices>
      <storageSize>1TB</storageSize>
      <priceValue>
        <att>
          <flawless>220</flawless>
          <good>200</good>
          <fair>120</fair>
          <broken>45</broken>
        </att>
        <verizon>
          <flawless>198</flawless>
          <good>175</good>
          <fair>110</fair>
          <broken>40</broken>
        </verizon>
        <tmobile>
          <flawless>178</flawless>
          <good>170</good>
          <fair>104</fair>
          <broken>40</broken>
        </tmobile>
        <unlocked>
          <flawless>268</flawless>
          <good>248</good>
          <fair>121</fair>
          <broken>55</broken>
        </unlocked>
      </priceValue>
    </prices>
    <prices>
      <storageSize>128GB</storageSize>
      <priceValue>
        <att>
          <flawless>148</flawless>
          <good>128</good>
          <fair>80</fair>
          <broken>32</broken>
        </att>
        <verizon>
          <flawless>139</flawless>
          <good>115</good>
          <fair>70</fair>
          <broken>23</broken>
        </verizon>
        <tmobile>
          <flawless>132</flawless>
          <good>108</good>
          <fair>72</fair>
          <broken>32</broken>
        </tmobile>
        <unlocked>
          <flawless>171</flawless>
          <good>148</good>
          <fair>98</fair>
          <broken>37</broken>
        </unlocked>
      </priceValue>
    </prices>
    <prices>
      <storageSize>256gb</storageSize>
      <priceValue>
        <att>
          <flawless>168</flawless>
          <good>148</good>
          <fair>89</fair>
          <broken>35</broken>
        </att>
        <verizon>
          <flawless>147</flawless>
          <good>125</good>
          <fair>70</fair>
          <broken>26</broken>
        </verizon>
        <tmobile>
          <flawless>147</flawless>
          <good>124</good>
          <fair>86</fair>
          <broken>32</broken>
        </tmobile>
        <unlocked>
          <flawless>201</flawless>
          <good>181</good>
          <fair>111</fair>
          <broken>44</broken>
        </unlocked>
      </priceValue>
    </prices>
    <prices>
      <storageSize>512GB</storageSize>
      <priceValue>
        <att>
          <flawless>183</flawless>
          <good>163</good>
          <fair>110</fair>
          <broken>45</broken>
        </att>
        <verizon>
          <flawless>166</flawless>
          <good>145</good>
          <fair>100</fair>
          <broken>40</broken>
        </verizon>
        <tmobile>
          <flawless>156</flawless>
          <good>136</good>
          <fair>90</fair>
          <broken>33</broken>
        </tmobile>
        <unlocked>
          <flawless>187</flawless>
          <good>173</good>
          <fair>116</fair>
          <broken>50</broken>
        </unlocked>
      </priceValue>
    </prices>
    <slug>galaxy-s22-ultra</slug>
    <imageUrl>https://cdn.secondhandcell.com/images/samsung/assets/s22u</imageUrl>
    <name>S22 ULTRA</name>
    <brand>samsung</brand>
    <deeplink>https://secondhandcell.com/sell/?device=galaxy-s22-ultra&amp;storage={storage}&amp;carrier={carrier}&amp;quality={quality}</deeplink>
  </model>
  <model>
    <parentDevice>samsung</parentDevice>
    <modelID>galaxy-s22-plus</modelID>
    <prices>
      <storageSize>128GB</storageSize>
      <priceValue>
        <att>
          <flawless>95</flawless>
          <good>94</good>
          <fair>54</fair>
          <broken>35</broken>
        </att>
        <verizon>
          <flawless>95</flawless>
          <good>94</good>
          <fair>49</fair>
          <broken>27</broken>
        </verizon>
        <tmobile>
          <flawless>95</flawless>
          <good>94</good>
          <fair>46</fair>
          <broken>27</broken>
        </tmobile>
        <unlocked>
          <flawless>113</flawless>
          <good>107</good>
          <fair>77</fair>
          <broken>40</broken>
        </unlocked>
      </priceValue>
    </prices>
    <prices>
      <storageSize>256gb</storageSize>
      <priceValue>
        <att>
          <flawless>114</flawless>
          <good>102</good>
          <fair>61</fair>
          <broken>40</broken>
        </att>
        <verizon>
          <flawless>114</flawless>
          <good>102</good>
          <fair>58</fair>
          <broken>34</broken>
        </verizon>
        <tmobile>
          <flawless>114</flawless>
          <good>102</good>
          <fair>56</fair>
          <broken>34</broken>
        </tmobile>
        <unlocked>
          <flawless>132</flawless>
          <good>119</good>
          <fair>89</fair>
          <broken>45</broken>
        </unlocked>
      </priceValue>
    </prices>
    <slug>galaxy-s22-plus</slug>
    <imageUrl>https://cdn.secondhandcell.com/images/samsung/assets/s22p</imageUrl>
    <name>S22+</name>
    <brand>samsung</brand>
    <deeplink>https://secondhandcell.com/sell/?device=galaxy-s22-plus&amp;storage={storage}&amp;carrier={carrier}&amp;quality={quality}</deeplink>
  </model>
  <model>
    <parentDevice>samsung</parentDevice>
    <modelID>galaxy-s23</modelID>
    <prices>
      <storageSize>128GB</storageSize>
      <priceValue>
        <att>
          <flawless>131</flawless>
          <good>117</good>
          <fair>72</fair>
          <broken>40</broken>
        </att>
        <verizon>
          <flawless>131</flawless>
          <good>125</good>
          <fair>73</fair>
          <broken>40</broken>
        </verizon>
        <tmobile>
          <flawless>127</flawless>
          <good>107</good>
          <fair>69</fair>
          <broken>30</broken>
        </tmobile>
        <unlocked>
          <flawless>150</flawless>
          <good>150</good>
          <fair>107</fair>
          <broken>50</broken>
        </unlocked>
      </priceValue>
    </prices>
    <prices>
      <storageSize>256gb</storageSize>
      <priceValue>
        <att>
          <flawless>163</flawless>
          <good>138</good>
          <fair>83</fair>
          <broken>45</broken>
        </att>
        <verizon>
          <flawless>169</flawless>
          <good>138</good>
          <fair>78</fair>
          <broken>45</broken>
        </verizon>
        <tmobile>
          <flawless>147</flawless>
          <good>125</good>
          <fair>81</fair>
          <broken>35</broken>
        </tmobile>
        <unlocked>
          <flawless>181</flawless>
          <good>167</good>
          <fair>129</fair>
          <broken>55</broken>
        </unlocked>
      </priceValue>
    </prices>
    <prices>
      <storageSize>512GB</storageSize>
      <priceValue>
        <att>
          <flawless>150</flawless>
          <good>144</good>
          <fair>92</fair>
          <broken>36</broken>
        </att>
        <verizon>
          <flawless>169</flawless>
          <good>143</good>
          <fair>91</fair>
          <broken>36</broken>
        </verizon>
        <tmobile>
          <flawless>157</flawless>
          <good>138</good>
          <fair>92</fair>
          <broken>36</broken>
        </tmobile>
        <unlocked>
          <flawless>198</flawless>
          <good>178</good>
          <fair>136</fair>
          <broken>38</broken>
        </unlocked>
      </priceValue>
    </prices>
    <slug>galaxy-s23</slug>
    <imageUrl>https://cdn.secondhandcell.com/images/samsung/assets/s23</imageUrl>
    <name>S23</name>
    <brand>samsung</brand>
    <deeplink>https://secondhandcell.com/sell/?device=galaxy-s23&amp;storage={storage}&amp;carrier={carrier}&amp;quality={quality}</deeplink>
  </model>
  <model>
    <parentDevice>samsung</parentDevice>
    <modelID>galaxy-s23-ultra</modelID>
    <prices>
      <storageSize>1TB</storageSize>
      <priceValue>
        <att>
          <flawless>305</flawless>
          <good>275</good>
          <fair>201</fair>
          <broken>70</broken>
        </att>
        <verizon>
          <flawless>281</flawless>
          <good>233</good>
          <fair>148</fair>
          <broken>70</broken>
        </verizon>
        <tmobile>
          <flawless>290</flawless>
          <good>265</good>
          <fair>176</fair>
          <broken>64</broken>
        </tmobile>
        <unlocked>
          <flawless>351</flawless>
          <good>314</good>
          <fair>230</fair>
          <broken>80</broken>
        </unlocked>
      </priceValue>
    </prices>
    <prices>
      <storageSize>256gb</storageSize>
      <priceValue>
        <att>
          <flawless>254</flawless>
          <good>225</good>
          <fair>152</fair>
          <broken>70</broken>
        </att>
        <verizon>
          <flawless>237</flawless>
          <good>191</good>
          <fair>123</fair>
          <broken>55</broken>
        </verizon>
        <tmobile>
          <flawless>223</flawless>
          <good>188</good>
          <fair>125</fair>
          <broken>55</broken>
        </tmobile>
        <unlocked>
          <flawless>272</flawless>
          <good>246</good>
          <fair>189</fair>
          <broken>70</broken>
        </unlocked>
      </priceValue>
    </prices>
    <prices>
      <storageSize>512GB</storageSize>
      <priceValue>
        <att>
          <flawless>283</flawless>
          <good>251</good>
          <fair>163</fair>
          <broken>75</broken>
        </att>
        <verizon>
          <flawless>253</flawless>
          <good>220</good>
          <fair>139</fair>
          <broken>65</broken>
        </verizon>
        <tmobile>
          <flawless>246</flawless>
          <good>218</good>
          <fair>138</fair>
          <broken>57</broken>
        </tmobile>
        <unlocked>
          <flawless>303</flawless>
          <good>276</good>
          <fair>209</fair>
          <broken>75</broken>
        </unlocked>
      </priceValue>
    </prices>
    <slug>galaxy-s23-ultra</slug>
    <imageUrl>https://cdn.secondhandcell.com/images/samsung/assets/s23u</imageUrl>
    <name>S23 ULTRA</name>
    <brand>samsung</brand>
    <deeplink>https://secondhandcell.com/sell/?device=galaxy-s23-ultra&amp;storage={storage}&amp;carrier={carrier}&amp;quality={quality}</deeplink>
  </model>
  <model>
    <parentDevice>samsung</parentDevice>
    <modelID>galaxy-s23-plus</modelID>
    <prices>
      <storageSize>256GB</storageSize>
      <priceValue>
        <att>
          <flawless>181</flawless>
          <good>171</good>
          <fair>95</fair>
          <broken>95</broken>
        </att>
        <verizon>
          <flawless>181</flawless>
          <good>167</good>
          <fair>94</fair>
          <broken>65</broken>
        </verizon>
        <tmobile>
          <flawless>181</flawless>
          <good>151</good>
          <fair>86</fair>
          <broken>65</broken>
        </tmobile>
        <unlocked>
          <flawless>200</flawless>
          <good>200</good>
          <fair>134</fair>
          <broken>113</broken>
        </unlocked>
      </priceValue>
    </prices>
    <prices>
      <storageSize>512GB</storageSize>
      <priceValue>
        <att>
          <flawless>218</flawless>
          <good>193</good>
          <fair>107</fair>
          <broken>100</broken>
        </att>
        <verizon>
          <flawless>218</flawless>
          <good>184</good>
          <fair>95</fair>
          <broken>70</broken>
        </verizon>
        <tmobile>
          <flawless>195</flawless>
          <good>167</good>
          <fair>96</fair>
          <broken>70</broken>
        </tmobile>
        <unlocked>
          <flawless>254</flawless>
          <good>221</good>
          <fair>146</fair>
          <broken>120</broken>
        </unlocked>
      </priceValue>
    </prices>
    <slug>galaxy-s23-plus</slug>
    <imageUrl>https://cdn.secondhandcell.com/images/samsung/assets/s23p</imageUrl>
    <name>S23+</name>
    <brand>samsung</brand>
    <deeplink>https://secondhandcell.com/sell/?device=galaxy-s23-plus&amp;storage={storage}&amp;carrier={carrier}&amp;quality={quality}</deeplink>
  </model>
  <model>
    <parentDevice>samsung</parentDevice>
    <modelID>galaxy-s23fe</modelID>
    <prices>
      <storageSize>128GB</storageSize>
      <priceValue>
        <att>
          <flawless>87</flawless>
          <good>76</good>
          <fair>45</fair>
          <broken>25</broken>
        </att>
        <verizon>
          <flawless>106</flawless>
          <good>91</good>
          <fair>45</fair>
          <broken>25</broken>
        </verizon>
        <tmobile>
          <flawless>86</flawless>
          <good>76</good>
          <fair>42</fair>
          <broken>22</broken>
        </tmobile>
        <unlocked>
          <flawless>124</flawless>
          <good>112</good>
          <fair>66</fair>
          <broken>30</broken>
        </unlocked>
      </priceValue>
    </prices>
    <prices>
      <storageSize>256gb</storageSize>
      <priceValue>
        <att>
          <flawless>106</flawless>
          <good>94</good>
          <fair>49</fair>
          <broken>30</broken>
        </att>
        <verizon>
          <flawless>134</flawless>
          <good>100</good>
          <fair>49</fair>
          <broken>30</broken>
        </verizon>
        <tmobile>
          <flawless>106</flawless>
          <good>94</good>
          <fair>48</fair>
          <broken>25</broken>
        </tmobile>
        <unlocked>
          <flawless>153</flawless>
          <good>135</good>
          <fair>76</fair>
          <broken>30</broken>
        </unlocked>
      </priceValue>
    </prices>
    <slug>galaxy-s23fe</slug>
    <imageUrl>https://cdn.secondhandcell.com/images/samsung/assets/s23fe</imageUrl>
    <name>S23FE</name>
    <brand>samsung</brand>
    <deeplink>https://secondhandcell.com/sell/?device=galaxy-s23fe&amp;storage={storage}&amp;carrier={carrier}&amp;quality={quality}</deeplink>
  </model>
  <model>
    <parentDevice>samsung</parentDevice>
    <modelID>galaxy-s24</modelID>
    <prices>
      <storageSize>128GB</storageSize>
      <priceValue>
        <att>
          <flawless>197</flawless>
          <good>163</good>
          <fair>116</fair>
          <broken>55</broken>
        </att>
        <verizon>
          <flawless>181</flawless>
          <good>163</good>
          <fair>109</fair>
          <broken>50</broken>
        </verizon>
        <tmobile>
          <flawless>198</flawless>
          <good>166</good>
          <fair>111</fair>
          <broken>55</broken>
        </tmobile>
        <unlocked>
          <flawless>222</flawless>
          <good>216</good>
          <fair>186</fair>
          <broken>90</broken>
        </unlocked>
      </priceValue>
    </prices>
    <prices>
      <storageSize>256gb</storageSize>
      <priceValue>
        <att>
          <flawless>210</flawless>
          <good>179</good>
          <fair>146</fair>
          <broken>60</broken>
        </att>
        <verizon>
          <flawless>196</flawless>
          <good>181</good>
          <fair>109</fair>
          <broken>60</broken>
        </verizon>
        <tmobile>
          <flawless>196</flawless>
          <good>175</good>
          <fair>141</fair>
          <broken>50</broken>
        </tmobile>
        <unlocked>
          <flawless>272</flawless>
          <good>246</good>
          <fair>216</fair>
          <broken>100</broken>
        </unlocked>
      </priceValue>
    </prices>
    <slug>galaxy-s24</slug>
    <imageUrl>https://cdn.secondhandcell.com/images/samsung/assets/s24</imageUrl>
    <name>S24</name>
    <brand>samsung</brand>
    <deeplink>https://secondhandcell.com/sell/?device=galaxy-s24&amp;storage={storage}&amp;carrier={carrier}&amp;quality={quality}</deeplink>
  </model>
  <model>
    <parentDevice>samsung</parentDevice>
    <modelID>galaxy-s24-fe</modelID>
    <prices>
      <storageSize>128GB</storageSize>
      <priceValue>
        <att>
          <flawless>158</flawless>
          <good>123</good>
          <fair>95</fair>
          <broken>50</broken>
        </att>
        <verizon>
          <flawless>141</flawless>
          <good>116</good>
          <fair>79</fair>
          <broken>45</broken>
        </verizon>
        <tmobile>
          <flawless>138</flawless>
          <good>113</good>
          <fair>95</fair>
          <broken>42</broken>
        </tmobile>
        <unlocked>
          <flawless>190</flawless>
          <good>186</good>
          <fair>129</fair>
          <broken>60</broken>
        </unlocked>
      </priceValue>
    </prices>
    <prices>
      <storageSize>256gb</storageSize>
      <priceValue>
        <att>
          <flawless>182</flawless>
          <good>145</good>
          <fair>95</fair>
          <broken>55</broken>
        </att>
        <verizon>
          <flawless>175</flawless>
          <good>132</good>
          <fair>86</fair>
          <broken>50</broken>
        </verizon>
        <tmobile>
          <flawless>175</flawless>
          <good>132</good>
          <fair>95</fair>
          <broken>44</broken>
        </tmobile>
        <unlocked>
          <flawless>244</flawless>
          <good>210</good>
          <fair>151</fair>
          <broken>65</broken>
        </unlocked>
      </priceValue>
    </prices>
    <slug>galaxy-s24-fe</slug>
    <imageUrl>https://cdn.secondhandcell.com/images/samsung/assets/s24fe</imageUrl>
    <name>S24 FE</name>
    <brand>samsung</brand>
    <deeplink>https://secondhandcell.com/sell/?device=galaxy-s24-fe&amp;storage={storage}&amp;carrier={carrier}&amp;quality={quality}</deeplink>
  </model>
  <model>
    <parentDevice>samsung</parentDevice>
    <modelID>galaxy-s24-ultra</modelID>
    <prices>
      <storageSize>1TB</storageSize>
      <priceValue>
        <att>
          <flawless>415</flawless>
          <good>371</good>
          <fair>331</fair>
          <broken>135</broken>
        </att>
        <verizon>
          <flawless>371</flawless>
          <good>328</good>
          <fair>256</fair>
          <broken>105</broken>
        </verizon>
        <tmobile>
          <flawless>375</flawless>
          <good>328</good>
          <fair>291</fair>
          <broken>135</broken>
        </tmobile>
        <unlocked>
          <flawless>502</flawless>
          <good>454</good>
          <fair>418</fair>
          <broken>185</broken>
        </unlocked>
      </priceValue>
    </prices>
    <prices>
      <storageSize>256GB</storageSize>
      <priceValue>
        <att>
          <flawless>335</flawless>
          <good>311</good>
          <fair>251</fair>
          <broken>110</broken>
        </att>
        <verizon>
          <flawless>334</flawless>
          <good>284</good>
          <fair>176</fair>
          <broken>105</broken>
        </verizon>
        <tmobile>
          <flawless>303</flawless>
          <good>266</good>
          <fair>211</fair>
          <broken>110</broken>
        </tmobile>
        <unlocked>
          <flawless>426</flawless>
          <good>371</good>
          <fair>336</fair>
          <broken>160</broken>
        </unlocked>
      </priceValue>
    </prices>
    <prices>
      <storageSize>512GB</storageSize>
      <priceValue>
        <att>
          <flawless>387</flawless>
          <good>339</good>
          <fair>271</fair>
          <broken>120</broken>
        </att>
        <verizon>
          <flawless>340</flawless>
          <good>305</good>
          <fair>215</fair>
          <broken>105</broken>
        </verizon>
        <tmobile>
          <flawless>334</flawless>
          <good>294</good>
          <fair>231</fair>
          <broken>120</broken>
        </tmobile>
        <unlocked>
          <flawless>476</flawless>
          <good>416</good>
          <fair>358</fair>
          <broken>170</broken>
        </unlocked>
      </priceValue>
    </prices>
    <slug>galaxy-s24-ultra</slug>
    <imageUrl>https://cdn.secondhandcell.com/images/samsung/assets/s24u</imageUrl>
    <name>S24 ULTRA</name>
    <brand>samsung</brand>
    <deeplink>https://secondhandcell.com/sell/?device=galaxy-s24-ultra&amp;storage={storage}&amp;carrier={carrier}&amp;quality={quality}</deeplink>
  </model>
  <model>
    <parentDevice>samsung</parentDevice>
    <modelID>galaxy-s24-plus</modelID>
    <prices>
      <storageSize>256GB</storageSize>
      <priceValue>
        <att>
          <flawless>243</flawless>
          <good>213</good>
          <fair>151</fair>
          <broken>75</broken>
        </att>
        <verizon>
          <flawless>227</flawless>
          <good>200</good>
          <fair>150</fair>
          <broken>70</broken>
        </verizon>
        <tmobile>
          <flawless>208</flawless>
          <good>193</good>
          <fair>140</fair>
          <broken>60</broken>
        </tmobile>
        <unlocked>
          <flawless>287</flawless>
          <good>281</good>
          <fair>222</fair>
          <broken>90</broken>
        </unlocked>
      </priceValue>
    </prices>
    <prices>
      <storageSize>512GB</storageSize>
      <priceValue>
        <att>
          <flawless>314</flawless>
          <good>263</good>
          <fair>219</fair>
          <broken>80</broken>
        </att>
        <verizon>
          <flawless>277</flawless>
          <good>238</good>
          <fair>150</fair>
          <broken>80</broken>
        </verizon>
        <tmobile>
          <flawless>273</flawless>
          <good>233</good>
          <fair>196</fair>
          <broken>70</broken>
        </tmobile>
        <unlocked>
          <flawless>351</flawless>
          <good>326</good>
          <fair>244</fair>
          <broken>100</broken>
        </unlocked>
      </priceValue>
    </prices>
    <slug>galaxy-s24-plus</slug>
    <imageUrl>https://cdn.secondhandcell.com/images/samsung/assets/s24p</imageUrl>
    <name>S24+</name>
    <brand>samsung</brand>
    <deeplink>https://secondhandcell.com/sell/?device=galaxy-s24-plus&amp;storage={storage}&amp;carrier={carrier}&amp;quality={quality}</deeplink>
  </model>
  <model>
    <parentDevice>samsung</parentDevice>
    <modelID>galaxy-s25</modelID>
    <prices>
      <storageSize>128GB</storageSize>
      <priceValue>
        <att>
          <flawless>246</flawless>
          <good>246</good>
          <fair>152</fair>
          <broken>80</broken>
        </att>
        <verizon>
          <flawless>246</flawless>
          <good>242</good>
          <fair>155</fair>
          <broken>80</broken>
        </verizon>
        <tmobile>
          <flawless>246</flawless>
          <good>230</good>
          <fair>137</fair>
          <broken>75</broken>
        </tmobile>
        <unlocked>
          <flawless>264</flawless>
          <good>264</good>
          <fair>217</fair>
          <broken>94</broken>
        </unlocked>
      </priceValue>
    </prices>
    <prices>
      <storageSize>256gb</storageSize>
      <priceValue>
        <att>
          <flawless>318</flawless>
          <good>271</good>
          <fair>186</fair>
          <broken>90</broken>
        </att>
        <verizon>
          <flawless>304</flawless>
          <good>268</good>
          <fair>137</fair>
          <broken>90</broken>
        </verizon>
        <tmobile>
          <flawless>299</flawless>
          <good>255</good>
          <fair>161</fair>
          <broken>85</broken>
        </tmobile>
        <unlocked>
          <flawless>376</flawless>
          <good>332</good>
          <fair>259</fair>
          <broken>102</broken>
        </unlocked>
      </priceValue>
    </prices>
    <slug>galaxy-s25</slug>
    <imageUrl>https://cdn.secondhandcell.com/images/samsung/assets/s25</imageUrl>
    <name>S25</name>
    <brand>samsung</brand>
    <deeplink>https://secondhandcell.com/sell/?device=galaxy-s25&amp;storage={storage}&amp;carrier={carrier}&amp;quality={quality}</deeplink>
  </model>
  <model>
    <parentDevice>samsung</parentDevice>
    <modelID>galaxy-s25-edge</modelID>
    <prices>
      <storageSize>256gb</storageSize>
      <priceValue>
        <att>
          <flawless>347</flawless>
          <good>311</good>
          <fair>205</fair>
          <broken>95</broken>
        </att>
        <verizon>
          <flawless>347</flawless>
          <good>312</good>
          <fair>205</fair>
          <broken>90</broken>
        </verizon>
        <tmobile>
          <flawless>347</flawless>
          <good>327</good>
          <fair>213</fair>
          <broken>90</broken>
        </tmobile>
        <unlocked>
          <flawless>367</flawless>
          <good>367</good>
          <fair>307</fair>
          <broken>110</broken>
        </unlocked>
      </priceValue>
    </prices>
    <prices>
      <storageSize>512GB</storageSize>
      <priceValue>
        <att>
          <flawless>379</flawless>
          <good>331</good>
          <fair>235</fair>
          <broken>95</broken>
        </att>
        <verizon>
          <flawless>368</flawless>
          <good>319</good>
          <fair>235</fair>
          <broken>95</broken>
        </verizon>
        <tmobile>
          <flawless>396</flawless>
          <good>352</good>
          <fair>236</fair>
          <broken>95</broken>
        </tmobile>
        <unlocked>
          <flawless>435</flawless>
          <good>435</good>
          <fair>332</fair>
          <broken>120</broken>
        </unlocked>
      </priceValue>
    </prices>
    <slug>galaxy-s25-edge</slug>
    <imageUrl>https://cdn.secondhandcell.com/images/samsung/assets/s25e</imageUrl>
    <name>S25 EDGE</name>
    <brand>samsung</brand>
    <deeplink>https://secondhandcell.com/sell/?device=galaxy-s25-edge&amp;storage={storage}&amp;carrier={carrier}&amp;quality={quality}</deeplink>
  </model>
  <model>
    <parentDevice>samsung</parentDevice>
    <modelID>galaxy-s25-ultra</modelID>
    <prices>
      <storageSize>1TB</storageSize>
      <priceValue>
        <att>
          <flawless>604</flawless>
          <good>575</good>
          <fair>436</fair>
          <broken>235</broken>
        </att>
        <verizon>
          <flawless>604</flawless>
          <good>575</good>
          <fair>386</fair>
          <broken>235</broken>
        </verizon>
        <tmobile>
          <flawless>556</flawless>
          <good>532</good>
          <fair>386</fair>
          <broken>235</broken>
        </tmobile>
        <unlocked>
          <flawless>664</flawless>
          <good>608</good>
          <fair>535</fair>
          <broken>235</broken>
        </unlocked>
      </priceValue>
    </prices>
    <prices>
      <storageSize>128GB</storageSize>
      <priceValue>
        <att>
          <flawless>315</flawless>
          <good>265</good>
          <fair>85</fair>
          <broken>85</broken>
        </att>
        <verizon>
          <flawless>315</flawless>
          <good>265</good>
          <fair>85</fair>
          <broken>85</broken>
        </verizon>
        <tmobile>
          <flawless>315</flawless>
          <good>265</good>
          <fair>85</fair>
          <broken>85</broken>
        </tmobile>
        <unlocked>
          <flawless>315</flawless>
          <good>265</good>
          <fair>85</fair>
          <broken>85</broken>
        </unlocked>
      </priceValue>
    </prices>
    <prices>
      <storageSize>256GB</storageSize>
      <priceValue>
        <att>
          <flawless>488</flawless>
          <good>445</good>
          <fair>361</fair>
          <broken>195</broken>
        </att>
        <verizon>
          <flawless>454</flawless>
          <good>445</good>
          <fair>291</fair>
          <broken>195</broken>
        </verizon>
        <tmobile>
          <flawless>440</flawless>
          <good>403</good>
          <fair>311</fair>
          <broken>195</broken>
        </tmobile>
        <unlocked>
          <flawless>587</flawless>
          <good>531</good>
          <fair>458</fair>
          <broken>195</broken>
        </unlocked>
      </priceValue>
    </prices>
    <prices>
      <storageSize>512GB</storageSize>
      <priceValue>
        <att>
          <flawless>515</flawless>
          <good>488</good>
          <fair>386</fair>
          <broken>215</broken>
        </att>
        <verizon>
          <flawless>504</flawless>
          <good>488</good>
          <fair>316</fair>
          <broken>215</broken>
        </verizon>
        <tmobile>
          <flawless>465</flawless>
          <good>445</good>
          <fair>336</fair>
          <broken>215</broken>
        </tmobile>
        <unlocked>
          <flawless>612</flawless>
          <good>561</good>
          <fair>483</fair>
          <broken>215</broken>
        </unlocked>
      </priceValue>
    </prices>
    <slug>galaxy-s25-ultra</slug>
    <imageUrl>https://cdn.secondhandcell.com/images/samsung/assets/s25u</imageUrl>
    <name>S25 Ultra</name>
    <brand>samsung</brand>
    <deeplink>https://secondhandcell.com/sell/?device=galaxy-s25-ultra&amp;storage={storage}&amp;carrier={carrier}&amp;quality={quality}</deeplink>
  </model>
  <model>
    <parentDevice>samsung</parentDevice>
    <modelID>galaxy-s25-plus</modelID>
    <prices>
      <storageSize>256GB</storageSize>
      <priceValue>
        <att>
          <flawless>378</flawless>
          <good>346</good>
          <fair>259</fair>
          <broken>90</broken>
        </att>
        <verizon>
          <flawless>353</flawless>
          <good>337</good>
          <fair>157</fair>
          <broken>90</broken>
        </verizon>
        <tmobile>
          <flawless>354</flawless>
          <good>329</good>
          <fair>236</fair>
          <broken>85</broken>
        </tmobile>
        <unlocked>
          <flawless>409</flawless>
          <good>409</good>
          <fair>331</fair>
          <broken>97</broken>
        </unlocked>
      </priceValue>
    </prices>
    <prices>
      <storageSize>512GB</storageSize>
      <priceValue>
        <att>
          <flawless>438</flawless>
          <good>402</good>
          <fair>321</fair>
          <broken>100</broken>
        </att>
        <verizon>
          <flawless>427</flawless>
          <good>390</good>
          <fair>179</fair>
          <broken>100</broken>
        </verizon>
        <tmobile>
          <flawless>415</flawless>
          <good>382</good>
          <fair>296</fair>
          <broken>95</broken>
        </tmobile>
        <unlocked>
          <flawless>512</flawless>
          <good>475</good>
          <fair>393</fair>
          <broken>105</broken>
        </unlocked>
      </priceValue>
    </prices>
    <slug>galaxy-s25-plus</slug>
    <imageUrl>https://cdn.secondhandcell.com/images/samsung/assets/s25p</imageUrl>
    <name>S25+</name>
    <brand>samsung</brand>
    <deeplink>https://secondhandcell.com/sell/?device=galaxy-s25-plus&amp;storage={storage}&amp;carrier={carrier}&amp;quality={quality}</deeplink>
  </model>
  <model>
    <parentDevice>samsung</parentDevice>
    <modelID>galaxy-z-flip-4</modelID>
    <prices>
      <storageSize>128GB</storageSize>
      <priceValue>
        <att>
          <flawless>92</flawless>
          <good>82</good>
          <fair>45</fair>
          <broken>24</broken>
        </att>
        <verizon>
          <flawless>91</flawless>
          <good>79</good>
          <fair>43</fair>
          <broken>27</broken>
        </verizon>
        <tmobile>
          <flawless>91</flawless>
          <good>77</good>
          <fair>45</fair>
          <broken>24</broken>
        </tmobile>
        <unlocked>
          <flawless>128</flawless>
          <good>112</good>
          <fair>77</fair>
          <broken>29</broken>
        </unlocked>
      </priceValue>
    </prices>
    <prices>
      <storageSize>256GB</storageSize>
      <priceValue>
        <att>
          <flawless>112</flawless>
          <good>98</good>
          <fair>62</fair>
          <broken>25</broken>
        </att>
        <verizon>
          <flawless>107</flawless>
          <good>94</good>
          <fair>58</fair>
          <broken>31</broken>
        </verizon>
        <tmobile>
          <flawless>104</flawless>
          <good>91</good>
          <fair>53</fair>
          <broken>25</broken>
        </tmobile>
        <unlocked>
          <flawless>144</flawless>
          <good>128</good>
          <fair>91</fair>
          <broken>33</broken>
        </unlocked>
      </priceValue>
    </prices>
    <prices>
      <storageSize>512GB</storageSize>
      <priceValue>
        <att>
          <flawless>132</flawless>
          <good>116</good>
          <fair>77</fair>
          <broken>29</broken>
        </att>
        <verizon>
          <flawless>126</flawless>
          <good>111</good>
          <fair>73</fair>
          <broken>32</broken>
        </verizon>
        <tmobile>
          <flawless>124</flawless>
          <good>108</good>
          <fair>69</fair>
          <broken>29</broken>
        </tmobile>
        <unlocked>
          <flawless>163</flawless>
          <good>148</good>
          <fair>108</fair>
          <broken>35</broken>
        </unlocked>
      </priceValue>
    </prices>
    <slug>galaxy-z-flip-4</slug>
    <imageUrl>https://cdn.secondhandcell.com/images/samsung/assets/zflip4</imageUrl>
    <name>Z FLIP 4</name>
    <brand>samsung</brand>
    <deeplink>https://secondhandcell.com/sell/?device=galaxy-z-flip-4&amp;storage={storage}&amp;carrier={carrier}&amp;quality={quality}</deeplink>
  </model>
  <model>
    <parentDevice>samsung</parentDevice>
    <modelID>galaxy-z-flip-5</modelID>
    <prices>
      <storageSize>256GB</storageSize>
      <priceValue>
        <att>
          <flawless>182</flawless>
          <good>156</good>
          <fair>121</fair>
          <broken>50</broken>
        </att>
        <verizon>
          <flawless>182</flawless>
          <good>161</good>
          <fair>121</fair>
          <broken>40</broken>
        </verizon>
        <tmobile>
          <flawless>176</flawless>
          <good>146</good>
          <fair>116</fair>
          <broken>50</broken>
        </tmobile>
        <unlocked>
          <flawless>201</flawless>
          <good>196</good>
          <fair>148</fair>
          <broken>80</broken>
        </unlocked>
      </priceValue>
    </prices>
    <prices>
      <storageSize>512GB</storageSize>
      <priceValue>
        <att>
          <flawless>195</flawless>
          <good>186</good>
          <fair>132</fair>
          <broken>55</broken>
        </att>
        <verizon>
          <flawless>195</flawless>
          <good>191</good>
          <fair>132</fair>
          <broken>45</broken>
        </verizon>
        <tmobile>
          <flawless>195</flawless>
          <good>176</good>
          <fair>127</fair>
          <broken>55</broken>
        </tmobile>
        <unlocked>
          <flawless>214</flawless>
          <good>214</good>
          <fair>159</fair>
          <broken>85</broken>
        </unlocked>
      </priceValue>
    </prices>
    <slug>galaxy-z-flip-5</slug>
    <imageUrl>https://cdn.secondhandcell.com/images/samsung/assets/zflip5</imageUrl>
    <name>Z FLIP 5</name>
    <brand>samsung</brand>
    <deeplink>https://secondhandcell.com/sell/?device=galaxy-z-flip-5&amp;storage={storage}&amp;carrier={carrier}&amp;quality={quality}</deeplink>
  </model>
  <model>
    <parentDevice>samsung</parentDevice>
    <modelID>galaxy-z-flip-6</modelID>
    <prices>
      <storageSize>256GB</storageSize>
      <priceValue>
        <att>
          <flawless>220</flawless>
          <good>220</good>
          <fair>171</fair>
          <broken>62</broken>
        </att>
        <verizon>
          <flawless>220</flawless>
          <good>206</good>
          <fair>135</fair>
          <broken>53</broken>
        </verizon>
        <tmobile>
          <flawless>220</flawless>
          <good>220</good>
          <fair>163</fair>
          <broken>60</broken>
        </tmobile>
        <unlocked>
          <flawless>238</flawless>
          <good>238</good>
          <fair>209</fair>
          <broken>69</broken>
        </unlocked>
      </priceValue>
    </prices>
    <prices>
      <storageSize>512GB</storageSize>
      <priceValue>
        <att>
          <flawless>246</flawless>
          <good>246</good>
          <fair>186</fair>
          <broken>66</broken>
        </att>
        <verizon>
          <flawless>246</flawless>
          <good>226</good>
          <fair>153</fair>
          <broken>56</broken>
        </verizon>
        <tmobile>
          <flawless>246</flawless>
          <good>238</good>
          <fair>181</fair>
          <broken>64</broken>
        </tmobile>
        <unlocked>
          <flawless>264</flawless>
          <good>264</good>
          <fair>225</fair>
          <broken>75</broken>
        </unlocked>
      </priceValue>
    </prices>
    <slug>galaxy-z-flip-6</slug>
    <imageUrl>https://cdn.secondhandcell.com/images/samsung/assets/zflip6</imageUrl>
    <name>Z FLIP 6</name>
    <brand>samsung</brand>
    <deeplink>https://secondhandcell.com/sell/?device=galaxy-z-flip-6&amp;storage={storage}&amp;carrier={carrier}&amp;quality={quality}</deeplink>
  </model>
  <model>
    <parentDevice>samsung</parentDevice>
    <modelID>galaxy-z-fold-4</modelID>
    <prices>
      <storageSize>1TB</storageSize>
      <priceValue>
        <att>
          <flawless>242</flawless>
          <good>208</good>
          <fair>176</fair>
          <broken>47</broken>
        </att>
        <verizon>
          <flawless>233</flawless>
          <good>208</good>
          <fair>95</fair>
          <broken>50</broken>
        </verizon>
        <tmobile>
          <flawless>242</flawless>
          <good>208</good>
          <fair>176</fair>
          <broken>47</broken>
        </tmobile>
        <unlocked>
          <flawless>265</flawless>
          <good>253</good>
          <fair>198</fair>
          <broken>52</broken>
        </unlocked>
      </priceValue>
    </prices>
    <prices>
      <storageSize>256GB</storageSize>
      <priceValue>
        <att>
          <flawless>231</flawless>
          <good>211</good>
          <fair>150</fair>
          <broken>42</broken>
        </att>
        <verizon>
          <flawless>211</flawless>
          <good>191</good>
          <fair>114</fair>
          <broken>35</broken>
        </verizon>
        <tmobile>
          <flawless>217</flawless>
          <good>181</good>
          <fair>150</fair>
          <broken>42</broken>
        </tmobile>
        <unlocked>
          <flawless>257</flawless>
          <good>241</good>
          <fair>170</fair>
          <broken>49</broken>
        </unlocked>
      </priceValue>
    </prices>
    <prices>
      <storageSize>512GB</storageSize>
      <priceValue>
        <att>
          <flawless>245</flawless>
          <good>241</good>
          <fair>163</fair>
          <broken>45</broken>
        </att>
        <verizon>
          <flawless>245</flawless>
          <good>231</good>
          <fair>134</fair>
          <broken>35</broken>
        </verizon>
        <tmobile>
          <flawless>231</flawless>
          <good>196</good>
          <fair>163</fair>
          <broken>45</broken>
        </tmobile>
        <unlocked>
          <flawless>263</flawless>
          <good>263</good>
          <fair>185</fair>
          <broken>51</broken>
        </unlocked>
      </priceValue>
    </prices>
    <slug>galaxy-z-fold-4</slug>
    <imageUrl>https://cdn.secondhandcell.com/images/samsung/assets/zfold4</imageUrl>
    <name>Z FOLD 4</name>
    <brand>samsung</brand>
    <deeplink>https://secondhandcell.com/sell/?device=galaxy-z-fold-4&amp;storage={storage}&amp;carrier={carrier}&amp;quality={quality}</deeplink>
  </model>
  <model>
    <parentDevice>samsung</parentDevice>
    <modelID>galaxy-z-fold-5</modelID>
    <prices>
      <storageSize>1TB</storageSize>
      <priceValue>
        <att>
          <flawless>361</flawless>
          <good>295</good>
          <fair>245</fair>
          <broken>85</broken>
        </att>
        <verizon>
          <flawless>300</flawless>
          <good>253</good>
          <fair>194</fair>
          <broken>85</broken>
        </verizon>
        <tmobile>
          <flawless>313</flawless>
          <good>255</good>
          <fair>205</fair>
          <broken>85</broken>
        </tmobile>
        <unlocked>
          <flawless>461</flawless>
          <good>391</good>
          <fair>343</fair>
          <broken>85</broken>
        </unlocked>
      </priceValue>
    </prices>
    <prices>
      <storageSize>256GB</storageSize>
      <priceValue>
        <att>
          <flawless>311</flawless>
          <good>243</good>
          <fair>195</fair>
          <broken>85</broken>
        </att>
        <verizon>
          <flawless>258</flawless>
          <good>232</good>
          <fair>175</fair>
          <broken>85</broken>
        </verizon>
        <tmobile>
          <flawless>261</flawless>
          <good>205</good>
          <fair>185</fair>
          <broken>85</broken>
        </tmobile>
        <unlocked>
          <flawless>343</flawless>
          <good>341</good>
          <fair>291</fair>
          <broken>85</broken>
        </unlocked>
      </priceValue>
    </prices>
    <prices>
      <storageSize>512GB</storageSize>
      <priceValue>
        <att>
          <flawless>339</flawless>
          <good>271</good>
          <fair>223</fair>
          <broken>85</broken>
        </att>
        <verizon>
          <flawless>271</flawless>
          <good>237</good>
          <fair>179</fair>
          <broken>85</broken>
        </verizon>
        <tmobile>
          <flawless>291</flawless>
          <good>225</good>
          <fair>205</fair>
          <broken>85</broken>
        </tmobile>
        <unlocked>
          <flawless>359</flawless>
          <good>359</good>
          <fair>321</fair>
          <broken>85</broken>
        </unlocked>
      </priceValue>
    </prices>
    <slug>galaxy-z-fold-5</slug>
    <imageUrl>https://cdn.secondhandcell.com/images/samsung/assets/zfold5</imageUrl>
    <name>Z FOLD 5</name>
    <brand>samsung</brand>
    <deeplink>https://secondhandcell.com/sell/?device=galaxy-z-fold-5&amp;storage={storage}&amp;carrier={carrier}&amp;quality={quality}</deeplink>
  </model>
  <model>
    <parentDevice>samsung</parentDevice>
    <modelID>galaxy-z-fold-6</modelID>
    <prices>
      <storageSize>1TB</storageSize>
      <priceValue>
        <att>
          <flawless>495</flawless>
          <good>436</good>
          <fair>335</fair>
          <broken>180</broken>
        </att>
        <verizon>
          <flawless>494</flawless>
          <good>420</good>
          <fair>274</fair>
          <broken>180</broken>
        </verizon>
        <tmobile>
          <flawless>453</flawless>
          <good>395</good>
          <fair>315</fair>
          <broken>146</broken>
        </tmobile>
        <unlocked>
          <flawless>515</flawless>
          <good>515</good>
          <fair>426</fair>
          <broken>192</broken>
        </unlocked>
      </priceValue>
    </prices>
    <prices>
      <storageSize>256GB</storageSize>
      <priceValue>
        <att>
          <flawless>409</flawless>
          <good>376</good>
          <fair>295</fair>
          <broken>145</broken>
        </att>
        <verizon>
          <flawless>409</flawless>
          <good>350</good>
          <fair>236</fair>
          <broken>145</broken>
        </verizon>
        <tmobile>
          <flawless>383</flawless>
          <good>334</good>
          <fair>253</fair>
          <broken>145</broken>
        </tmobile>
        <unlocked>
          <flawless>429</flawless>
          <good>429</good>
          <fair>357</fair>
          <broken>166</broken>
        </unlocked>
      </priceValue>
    </prices>
    <prices>
      <storageSize>512GB</storageSize>
      <priceValue>
        <att>
          <flawless>459</flawless>
          <good>410</good>
          <fair>330</fair>
          <broken>155</broken>
        </att>
        <verizon>
          <flawless>435</flawless>
          <good>390</good>
          <fair>253</fair>
          <broken>155</broken>
        </verizon>
        <tmobile>
          <flawless>423</flawless>
          <good>368</good>
          <fair>288</fair>
          <broken>145</broken>
        </tmobile>
        <unlocked>
          <flawless>479</flawless>
          <good>479</good>
          <fair>396</fair>
          <broken>172</broken>
        </unlocked>
      </priceValue>
    </prices>
    <slug>galaxy-z-fold-6</slug>
    <imageUrl>https://cdn.secondhandcell.com/images/samsung/assets/zfold6</imageUrl>
    <name>Z FOLD 6</name>
    <brand>samsung</brand>
    <deeplink>https://secondhandcell.com/sell/?device=galaxy-z-fold-6&amp;storage={storage}&amp;carrier={carrier}&amp;quality={quality}</deeplink>
  </model>
</models>