name,storage,lock_status,condition,price,amz
GALAXY S20 FE,128GB,att,flawless,$51.00,$145.00
GALAXY S20 FE,128GB,att,good,$46.00,$145.00
GALAXY S20 FE,128GB,att,fair,$23.00,$145.00
GALAXY S20 FE,128GB,att,damaged,$11.00,$145.00
GALAXY S20 FE,128GB,verizon,flawless,$56.00,$145.00
GALAXY S20 FE,128GB,verizon,good,$46.00,$145.00
GALAXY S20 FE,128GB,verizon,fair,$31.00,$145.00
GALAXY S20 FE,128GB,verizon,damaged,$11.00,$145.00
GALAXY S20 FE,128GB,tmobile,flawless,$41.00,$145.00
GALAXY S20 FE,128GB,tmobile,good,$31.00,$145.00
GALAXY S20 FE,128GB,tmobile,fair,$17.00,$145.00
GALAXY S20 FE,128GB,tmobile,damaged,$6.00,$145.00
GALAXY S20 FE,128GB,unlocked,flawless,$66.00,$145.00
GALAXY S20 FE,128GB,unlocked,good,$56.00,$145.00
GALAXY S20 FE,128GB,unlocked,fair,$31.00,$145.00
GALAXY S20 FE,128GB,unlocked,damaged,$11.00,$145.00
GALAXY S20 FE,256GB,att,flawless,,
GALAXY S20 FE,256GB,att,good,,
GALAXY S20 FE,256GB,att,fair,,
GALAXY S20 FE,256GB,att,damaged,,
GALAXY S20 FE,256GB,verizon,flawless,,
GALAXY S20 FE,256GB,verizon,good,,
GALAXY S20 FE,256GB,verizon,fair,,
GALAXY S20 FE,256GB,verizon,damaged,,
GALAXY S20 FE,256GB,tmobile,flawless,,
GALAXY S20 FE,256GB,tmobile,good,,
GALAXY S20 FE,256GB,tmobile,fair,,
GALAXY S20 FE,256GB,tmobile,damaged,,
GALAXY S20 FE,256GB,unlocked,flawless,,
GALAXY S20 FE,256GB,unlocked,good,,
GALAXY S20 FE,256GB,unlocked,fair,,
GALAXY S20 FE,256GB,unlocked,damaged,,
GALAXY S21,128GB,att,flawless,$72.00,$155.00
GALAXY S21,128GB,att,good,$61.00,$155.00
GALAXY S21,128GB,att,fair,$42.00,$155.00
GALAXY S21,128GB,att,damaged,$12.00,$155.00
GALAXY S21,128GB,verizon,flawless,$72.00,$155.00
GALAXY S21,128GB,verizon,good,$61.00,$155.00
GALAXY S21,128GB,verizon,fair,$32.00,$155.00
GALAXY S21,128GB,verizon,damaged,$21.00,$155.00
GALAXY S21,128GB,tmobile,flawless,$55.00,$155.00
GALAXY S21,128GB,tmobile,good,$41.00,$155.00
GALAXY S21,128GB,tmobile,fair,$22.00,$155.00
GALAXY S21,128GB,tmobile,damaged,$12.00,$155.00
GALAXY S21,128GB,unlocked,flawless,$84.34,$155.00
GALAXY S21,128GB,unlocked,good,$71.00,$155.00
GALAXY S21,128GB,unlocked,fair,$52.00,$155.00
GALAXY S21,128GB,unlocked,damaged,$18.00,$155.00
GALAXY S21,256GB,att,flawless,,
GALAXY S21,256GB,att,good,,
GALAXY S21,256GB,att,fair,,
GALAXY S21,256GB,att,damaged,,
GALAXY S21,256GB,verizon,flawless,,
GALAXY S21,256GB,verizon,good,,
GALAXY S21,256GB,verizon,fair,,
GALAXY S21,256GB,verizon,damaged,,
GALAXY S21,256GB,tmobile,flawless,,
GALAXY S21,256GB,tmobile,good,,
GALAXY S21,256GB,tmobile,fair,,
GALAXY S21,256GB,tmobile,damaged,,
GALAXY S21,256GB,unlocked,flawless,,
GALAXY S21,256GB,unlocked,good,,
GALAXY S21,256GB,unlocked,fair,,
GALAXY S21,256GB,unlocked,damaged,,
GALAXY S21 FE,128GB,att,flawless,$51.00,$150.00
GALAXY S21 FE,128GB,att,good,$43.00,$150.00
GALAXY S21 FE,128GB,att,fair,$21.00,$150.00
GALAXY S21 FE,128GB,att,damaged,$12.00,$150.00
GALAXY S21 FE,128GB,verizon,flawless,$51.00,$150.00
GALAXY S21 FE,128GB,verizon,good,$43.00,$150.00
GALAXY S21 FE,128GB,verizon,fair,$19.00,$150.00
GALAXY S21 FE,128GB,verizon,damaged,$12.00,$150.00
GALAXY S21 FE,128GB,tmobile,flawless,$36.00,$150.00
GALAXY S21 FE,128GB,tmobile,good,$29.00,$150.00
GALAXY S21 FE,128GB,tmobile,fair,$21.00,$150.00
GALAXY S21 FE,128GB,tmobile,damaged,$7.00,$150.00
GALAXY S21 FE,128GB,unlocked,flawless,$71.00,$150.00
GALAXY S21 FE,128GB,unlocked,good,$66.00,$150.00
GALAXY S21 FE,128GB,unlocked,fair,$41.00,$150.00
GALAXY S21 FE,128GB,unlocked,damaged,$12.00,$150.00
GALAXY S21 FE,256GB,att,flawless,,
GALAXY S21 FE,256GB,att,good,,
GALAXY S21 FE,256GB,att,fair,,
GALAXY S21 FE,256GB,att,damaged,,
GALAXY S21 FE,256GB,verizon,flawless,,
GALAXY S21 FE,256GB,verizon,good,,
GALAXY S21 FE,256GB,verizon,fair,,
GALAXY S21 FE,256GB,verizon,damaged,,
GALAXY S21 FE,256GB,tmobile,flawless,,
GALAXY S21 FE,256GB,tmobile,good,,
GALAXY S21 FE,256GB,tmobile,fair,,
GALAXY S21 FE,256GB,tmobile,damaged,,
GALAXY S21 FE,256GB,unlocked,flawless,,
GALAXY S21 FE,256GB,unlocked,good,,
GALAXY S21 FE,256GB,unlocked,fair,,
GALAXY S21 FE,256GB,unlocked,damaged,,
GALAXY S21 ULTRA,128GB,att,flawless,$142.00,$240.00
GALAXY S21 ULTRA,128GB,att,good,$126.00,$240.00
GALAXY S21 ULTRA,128GB,att,fair,$77.00,$240.00
GALAXY S21 ULTRA,128GB,att,damaged,$21.00,$240.00
GALAXY S21 ULTRA,128GB,verizon,flawless,$132.00,$240.00
GALAXY S21 ULTRA,128GB,verizon,good,$116.00,$240.00
GALAXY S21 ULTRA,128GB,verizon,fair,$72.00,$240.00
GALAXY S21 ULTRA,128GB,verizon,damaged,$26.00,$240.00
GALAXY S21 ULTRA,128GB,tmobile,flawless,$112.00,$240.00
GALAXY S21 ULTRA,128GB,tmobile,good,$91.00,$240.00
GALAXY S21 ULTRA,128GB,tmobile,fair,$51.00,$240.00
GALAXY S21 ULTRA,128GB,tmobile,damaged,$21.00,$240.00
GALAXY S21 ULTRA,128GB,unlocked,flawless,$146.90,$240.00
GALAXY S21 ULTRA,128GB,unlocked,good,$136.00,$240.00
GALAXY S21 ULTRA,128GB,unlocked,fair,$87.00,$240.00
GALAXY S21 ULTRA,128GB,unlocked,damaged,$31.00,$240.00
GALAXY S21 ULTRA,256GB,att,flawless,,
GALAXY S21 ULTRA,256GB,att,good,,
GALAXY S21 ULTRA,256GB,att,fair,,
GALAXY S21 ULTRA,256GB,att,damaged,,
GALAXY S21 ULTRA,256GB,verizon,flawless,,
GALAXY S21 ULTRA,256GB,verizon,good,,
GALAXY S21 ULTRA,256GB,verizon,fair,,
GALAXY S21 ULTRA,256GB,verizon,damaged,,
GALAXY S21 ULTRA,256GB,tmobile,flawless,,
GALAXY S21 ULTRA,256GB,tmobile,good,,
GALAXY S21 ULTRA,256GB,tmobile,fair,,
GALAXY S21 ULTRA,256GB,tmobile,damaged,,
GALAXY S21 ULTRA,256GB,unlocked,flawless,,
GALAXY S21 ULTRA,256GB,unlocked,good,,
GALAXY S21 ULTRA,256GB,unlocked,fair,,
GALAXY S21 ULTRA,256GB,unlocked,damaged,,
GALAXY S21 ULTRA,512GB,att,flawless,,
GALAXY S21 ULTRA,512GB,att,good,,
GALAXY S21 ULTRA,512GB,att,fair,,
GALAXY S21 ULTRA,512GB,att,damaged,,
GALAXY S21 ULTRA,512GB,verizon,flawless,,
GALAXY S21 ULTRA,512GB,verizon,good,,
GALAXY S21 ULTRA,512GB,verizon,fair,,
GALAXY S21 ULTRA,512GB,verizon,damaged,,
GALAXY S21 ULTRA,512GB,tmobile,flawless,,
GALAXY S21 ULTRA,512GB,tmobile,good,,
GALAXY S21 ULTRA,512GB,tmobile,fair,,
GALAXY S21 ULTRA,512GB,tmobile,damaged,,
GALAXY S21 ULTRA,512GB,unlocked,flawless,,
GALAXY S21 ULTRA,512GB,unlocked,good,,
GALAXY S21 ULTRA,512GB,unlocked,fair,,
GALAXY S21 ULTRA,512GB,unlocked,damaged,,
GALAXY S21+,128GB,att,flawless,$99.06,$175.00
GALAXY S21+,128GB,att,good,$96.00,$175.00
GALAXY S21+,128GB,att,fair,$57.00,$175.00
GALAXY S21+,128GB,att,damaged,$26.00,$175.00
GALAXY S21+,128GB,verizon,flawless,$86.00,$175.00
GALAXY S21+,128GB,verizon,good,$71.00,$175.00
GALAXY S21+,128GB,verizon,fair,$33.00,$175.00
GALAXY S21+,128GB,verizon,damaged,$17.00,$175.00
GALAXY S21+,128GB,tmobile,flawless,$84.00,$175.00
GALAXY S21+,128GB,tmobile,good,$66.00,$175.00
GALAXY S21+,128GB,tmobile,fair,$37.00,$175.00
GALAXY S21+,128GB,tmobile,damaged,$18.00,$175.00
GALAXY S21+,128GB,unlocked,flawless,$99.06,$175.00
GALAXY S21+,128GB,unlocked,good,$98.00,$175.00
GALAXY S21+,128GB,unlocked,fair,$71.00,$175.00
GALAXY S21+,128GB,unlocked,damaged,$31.00,$175.00
GALAXY S21+,256GB,att,flawless,,
GALAXY S21+,256GB,att,good,,
GALAXY S21+,256GB,att,fair,,
GALAXY S21+,256GB,att,damaged,,
GALAXY S21+,256GB,verizon,flawless,,
GALAXY S21+,256GB,verizon,good,,
GALAXY S21+,256GB,verizon,fair,,
GALAXY S21+,256GB,verizon,damaged,,
GALAXY S21+,256GB,tmobile,flawless,,
GALAXY S21+,256GB,tmobile,good,,
GALAXY S21+,256GB,tmobile,fair,,
GALAXY S21+,256GB,tmobile,damaged,,
GALAXY S21+,256GB,unlocked,flawless,,
GALAXY S21+,256GB,unlocked,good,,
GALAXY S21+,256GB,unlocked,fair,,
GALAXY S21+,256GB,unlocked,damaged,,
GALAXY S22,128GB,att,flawless,$95.38,$170.00
GALAXY S22,128GB,att,good,$81.00,$170.00
GALAXY S22,128GB,att,fair,$49.00,$170.00
GALAXY S22,128GB,att,damaged,$26.00,$170.00
GALAXY S22,128GB,verizon,flawless,$95.38,$170.00
GALAXY S22,128GB,verizon,good,$76.00,$170.00
GALAXY S22,128GB,verizon,fair,$49.00,$170.00
GALAXY S22,128GB,verizon,damaged,$15.00,$170.00
GALAXY S22,128GB,tmobile,flawless,$83.00,$170.00
GALAXY S22,128GB,tmobile,good,$66.00,$170.00
GALAXY S22,128GB,tmobile,fair,$42.00,$170.00
GALAXY S22,128GB,tmobile,damaged,$16.00,$170.00
GALAXY S22,128GB,unlocked,flawless,$95.38,$170.00
GALAXY S22,128GB,unlocked,good,$95.38,$170.00
GALAXY S22,128GB,unlocked,fair,$67.00,$170.00
GALAXY S22,128GB,unlocked,damaged,$31.00,$170.00
GALAXY S22,256gb,att,flawless,$109.00,$195.00
GALAXY S22,256gb,att,good,$86.00,$195.00
GALAXY S22,256gb,att,fair,$57.00,$195.00
GALAXY S22,256gb,att,damaged,$31.00,$195.00
GALAXY S22,256gb,verizon,flawless,$109.00,$195.00
GALAXY S22,256gb,verizon,good,$82.00,$195.00
GALAXY S22,256gb,verizon,fair,$56.00,$195.00
GALAXY S22,256gb,verizon,damaged,$16.00,$195.00
GALAXY S22,256gb,tmobile,flawless,$89.00,$195.00
GALAXY S22,256gb,tmobile,good,$72.00,$195.00
GALAXY S22,256gb,tmobile,fair,$45.00,$195.00
GALAXY S22,256gb,tmobile,damaged,$21.00,$195.00
GALAXY S22,256gb,unlocked,flawless,$113.78,$195.00
GALAXY S22,256gb,unlocked,good,$111.00,$195.00
GALAXY S22,256gb,unlocked,fair,$77.00,$195.00
GALAXY S22,256gb,unlocked,damaged,$36.00,$195.00
GALAXY S22 ULTRA,128GB,att,flawless,$159.00,$295.00
GALAXY S22 ULTRA,128GB,att,good,$139.00,$295.00
GALAXY S22 ULTRA,128GB,att,fair,$97.00,$295.00
GALAXY S22 ULTRA,128GB,att,damaged,$37.00,$295.00
GALAXY S22 ULTRA,128GB,verizon,flawless,$152.00,$295.00
GALAXY S22 ULTRA,128GB,verizon,good,$130.00,$295.00
GALAXY S22 ULTRA,128GB,verizon,fair,$73.00,$295.00
GALAXY S22 ULTRA,128GB,verizon,damaged,$37.00,$295.00
GALAXY S22 ULTRA,128GB,tmobile,flawless,$151.00,$295.00
GALAXY S22 ULTRA,128GB,tmobile,good,$130.00,$295.00
GALAXY S22 ULTRA,128GB,tmobile,fair,$92.00,$295.00
GALAXY S22 ULTRA,128GB,tmobile,damaged,$34.00,$295.00
GALAXY S22 ULTRA,128GB,unlocked,flawless,$187.00,$295.00
GALAXY S22 ULTRA,128GB,unlocked,good,$161.00,$295.00
GALAXY S22 ULTRA,128GB,unlocked,fair,$127.00,$295.00
GALAXY S22 ULTRA,128GB,unlocked,damaged,$56.00,$295.00
GALAXY S22 ULTRA,256gb,att,flawless,$181.00,$320.00
GALAXY S22 ULTRA,256gb,att,good,$157.00,$320.00
GALAXY S22 ULTRA,256gb,att,fair,$112.00,$320.00
GALAXY S22 ULTRA,256gb,att,damaged,$41.00,$320.00
GALAXY S22 ULTRA,256gb,verizon,flawless,$170.00,$320.00
GALAXY S22 ULTRA,256gb,verizon,good,$145.00,$320.00
GALAXY S22 ULTRA,256gb,verizon,fair,$82.00,$320.00
GALAXY S22 ULTRA,256gb,verizon,damaged,$39.00,$320.00
GALAXY S22 ULTRA,256gb,tmobile,flawless,$168.00,$320.00
GALAXY S22 ULTRA,256gb,tmobile,good,$137.00,$320.00
GALAXY S22 ULTRA,256gb,tmobile,fair,$107.00,$320.00
GALAXY S22 ULTRA,256gb,tmobile,damaged,$37.00,$320.00
GALAXY S22 ULTRA,256gb,unlocked,flawless,$205.78,$320.00
GALAXY S22 ULTRA,256gb,unlocked,good,$196.00,$320.00
GALAXY S22 ULTRA,256gb,unlocked,fair,$142.00,$320.00
GALAXY S22 ULTRA,256gb,unlocked,damaged,$56.00,$320.00
GALAXY S22 ULTRA,512GB,att,flawless,,
GALAXY S22 ULTRA,512GB,att,good,,
GALAXY S22 ULTRA,512GB,att,fair,,
GALAXY S22 ULTRA,512GB,att,damaged,,
GALAXY S22 ULTRA,512GB,verizon,flawless,,
GALAXY S22 ULTRA,512GB,verizon,good,,
GALAXY S22 ULTRA,512GB,verizon,fair,,
GALAXY S22 ULTRA,512GB,verizon,damaged,,
GALAXY S22 ULTRA,512GB,tmobile,flawless,,
GALAXY S22 ULTRA,512GB,tmobile,good,,
GALAXY S22 ULTRA,512GB,tmobile,fair,,
GALAXY S22 ULTRA,512GB,tmobile,damaged,,
GALAXY S22 ULTRA,512GB,unlocked,flawless,,
GALAXY S22 ULTRA,512GB,unlocked,good,,
GALAXY S22 ULTRA,512GB,unlocked,fair,,
GALAXY S22 ULTRA,512GB,unlocked,damaged,,
GALAXY S22 ULTRA,1TB,att,flawless,,
GALAXY S22 ULTRA,1TB,att,good,,
GALAXY S22 ULTRA,1TB,att,fair,,
GALAXY S22 ULTRA,1TB,att,damaged,,
GALAXY S22 ULTRA,1TB,verizon,flawless,,
GALAXY S22 ULTRA,1TB,verizon,good,,
GALAXY S22 ULTRA,1TB,verizon,fair,,
GALAXY S22 ULTRA,1TB,verizon,damaged,,
GALAXY S22 ULTRA,1TB,tmobile,flawless,,
GALAXY S22 ULTRA,1TB,tmobile,good,,
GALAXY S22 ULTRA,1TB,tmobile,fair,,
GALAXY S22 ULTRA,1TB,tmobile,damaged,,
GALAXY S22 ULTRA,1TB,unlocked,flawless,,
GALAXY S22 ULTRA,1TB,unlocked,good,,
GALAXY S22 ULTRA,1TB,unlocked,fair,,
GALAXY S22 ULTRA,1TB,unlocked,damaged,,
GALAXY S22+,128GB,att,flawless,$110.10,$190.00
GALAXY S22+,128GB,att,good,$98.00,$190.00
GALAXY S22+,128GB,att,fair,$64.00,$190.00
GALAXY S22+,128GB,att,damaged,$31.00,$190.00
GALAXY S22+,128GB,verizon,flawless,$110.00,$190.00
GALAXY S22+,128GB,verizon,good,$98.00,$190.00
GALAXY S22+,128GB,verizon,fair,$64.00,$190.00
GALAXY S22+,128GB,verizon,damaged,$23.00,$190.00
GALAXY S22+,128GB,tmobile,flawless,$105.00,$190.00
GALAXY S22+,128GB,tmobile,good,$79.00,$190.00
GALAXY S22+,128GB,tmobile,fair,$45.00,$190.00
GALAXY S22+,128GB,tmobile,damaged,$23.00,$190.00
GALAXY S22+,128GB,unlocked,flawless,$110.10,$190.00
GALAXY S22+,128GB,unlocked,good,$110.10,$190.00
GALAXY S22+,128GB,unlocked,fair,$83.00,$190.00
GALAXY S22+,128GB,unlocked,damaged,$36.00,$190.00
GALAXY S22+,256gb,att,flawless,$128.00,$225.00
GALAXY S22+,256gb,att,good,$109.00,$225.00
GALAXY S22+,256gb,att,fair,$77.00,$225.00
GALAXY S22+,256gb,att,damaged,$36.00,$225.00
GALAXY S22+,256gb,verizon,flawless,$121.00,$225.00
GALAXY S22+,256gb,verizon,good,$110.00,$225.00
GALAXY S22+,256gb,verizon,fair,$77.00,$225.00
GALAXY S22+,256gb,verizon,damaged,$30.00,$225.00
GALAXY S22+,256gb,tmobile,flawless,$114.00,$225.00
GALAXY S22+,256gb,tmobile,good,$91.00,$225.00
GALAXY S22+,256gb,tmobile,fair,$58.00,$225.00
GALAXY S22+,256gb,tmobile,damaged,$30.00,$225.00
GALAXY S22+,256gb,unlocked,flawless,$135.86,$225.00
GALAXY S22+,256gb,unlocked,good,$128.00,$225.00
GALAXY S22+,256gb,unlocked,fair,$94.00,$225.00
GALAXY S22+,256gb,unlocked,damaged,$41.00,$225.00
GALAXY S23,128GB,att,flawless,$146.90,$240.00
GALAXY S23,128GB,att,good,$136.00,$240.00
GALAXY S23,128GB,att,fair,$92.00,$240.00
GALAXY S23,128GB,att,damaged,$52.00,$240.00
GALAXY S23,128GB,verizon,flawless,$146.90,$240.00
GALAXY S23,128GB,verizon,good,$138.00,$240.00
GALAXY S23,128GB,verizon,fair,$92.00,$240.00
GALAXY S23,128GB,verizon,damaged,$47.00,$240.00
GALAXY S23,128GB,tmobile,flawless,$133.00,$240.00
GALAXY S23,128GB,tmobile,good,$116.00,$240.00
GALAXY S23,128GB,tmobile,fair,$91.00,$240.00
GALAXY S23,128GB,tmobile,damaged,$37.00,$240.00
GALAXY S23,128GB,unlocked,flawless,$146.90,$240.00
GALAXY S23,128GB,unlocked,good,$146.90,$240.00
GALAXY S23,128GB,unlocked,fair,$107.00,$240.00
GALAXY S23,128GB,unlocked,damaged,$57.00,$240.00
GALAXY S23,256gb,att,flawless,$171.00,$290.00
GALAXY S23,256gb,att,good,$156.00,$290.00
GALAXY S23,256gb,att,fair,$92.00,$290.00
GALAXY S23,256gb,att,damaged,$57.00,$290.00
GALAXY S23,256gb,verizon,flawless,$179.00,$290.00
GALAXY S23,256gb,verizon,good,$156.00,$290.00
GALAXY S23,256gb,verizon,fair,$92.00,$290.00
GALAXY S23,256gb,verizon,damaged,$51.00,$290.00
GALAXY S23,256gb,tmobile,flawless,$159.00,$290.00
GALAXY S23,256gb,tmobile,good,$137.00,$290.00
GALAXY S23,256gb,tmobile,fair,$92.00,$290.00
GALAXY S23,256gb,tmobile,damaged,$42.00,$290.00
GALAXY S23,256gb,unlocked,flawless,$183.70,$290.00
GALAXY S23,256gb,unlocked,good,$176.00,$290.00
GALAXY S23,256gb,unlocked,fair,$127.00,$290.00
GALAXY S23,256gb,unlocked,damaged,$62.00,$290.00
GALAXY S23,512GB,att,flawless,,
GALAXY S23,512GB,att,good,,
GALAXY S23,512GB,att,fair,,
GALAXY S23,512GB,att,damaged,,
GALAXY S23,512GB,verizon,flawless,,
GALAXY S23,512GB,verizon,good,,
GALAXY S23,512GB,verizon,fair,,
GALAXY S23,512GB,verizon,damaged,,
GALAXY S23,512GB,tmobile,flawless,,
GALAXY S23,512GB,tmobile,good,,
GALAXY S23,512GB,tmobile,fair,,
GALAXY S23,512GB,tmobile,damaged,,
GALAXY S23,512GB,unlocked,flawless,,
GALAXY S23,512GB,unlocked,good,,
GALAXY S23,512GB,unlocked,fair,,
GALAXY S23,512GB,unlocked,damaged,,
GALAXY S23 ULTRA,256gb,att,flawless,$283.48,$425.00
GALAXY S23 ULTRA,256gb,att,good,$254.00,$425.00
GALAXY S23 ULTRA,256gb,att,fair,$159.00,$425.00
GALAXY S23 ULTRA,256gb,att,damaged,$106.00,$425.00
GALAXY S23 ULTRA,256gb,verizon,flawless,$283.48,$425.00
GALAXY S23 ULTRA,256gb,verizon,good,$241.00,$425.00
GALAXY S23 ULTRA,256gb,verizon,fair,$142.00,$425.00
GALAXY S23 ULTRA,256gb,verizon,damaged,$91.00,$425.00
GALAXY S23 ULTRA,256gb,tmobile,flawless,$269.00,$425.00
GALAXY S23 ULTRA,256gb,tmobile,good,$211.00,$425.00
GALAXY S23 ULTRA,256gb,tmobile,fair,$132.00,$425.00
GALAXY S23 ULTRA,256gb,tmobile,damaged,$67.00,$425.00
GALAXY S23 ULTRA,256gb,unlocked,flawless,$283.48,$425.00
GALAXY S23 ULTRA,256gb,unlocked,good,$271.00,$425.00
GALAXY S23 ULTRA,256gb,unlocked,fair,$187.00,$425.00
GALAXY S23 ULTRA,256gb,unlocked,damaged,$107.00,$425.00
GALAXY S23 ULTRA,512GB,att,flawless,,
GALAXY S23 ULTRA,512GB,att,good,,
GALAXY S23 ULTRA,512GB,att,fair,,
GALAXY S23 ULTRA,512GB,att,damaged,,
GALAXY S23 ULTRA,512GB,verizon,flawless,,
GALAXY S23 ULTRA,512GB,verizon,good,,
GALAXY S23 ULTRA,512GB,verizon,fair,,
GALAXY S23 ULTRA,512GB,verizon,damaged,,
GALAXY S23 ULTRA,512GB,tmobile,flawless,,
GALAXY S23 ULTRA,512GB,tmobile,good,,
GALAXY S23 ULTRA,512GB,tmobile,fair,,
GALAXY S23 ULTRA,512GB,tmobile,damaged,,
GALAXY S23 ULTRA,512GB,unlocked,flawless,,
GALAXY S23 ULTRA,512GB,unlocked,good,,
GALAXY S23 ULTRA,512GB,unlocked,fair,,
GALAXY S23 ULTRA,512GB,unlocked,damaged,,
GALAXY S23 ULTRA,1TB,att,flawless,,
GALAXY S23 ULTRA,1TB,att,good,,
GALAXY S23 ULTRA,1TB,att,fair,,
GALAXY S23 ULTRA,1TB,att,damaged,,
GALAXY S23 ULTRA,1TB,verizon,flawless,,
GALAXY S23 ULTRA,1TB,verizon,good,,
GALAXY S23 ULTRA,1TB,verizon,fair,,
GALAXY S23 ULTRA,1TB,verizon,damaged,,
GALAXY S23 ULTRA,1TB,tmobile,flawless,,
GALAXY S23 ULTRA,1TB,tmobile,good,,
GALAXY S23 ULTRA,1TB,tmobile,fair,,
GALAXY S23 ULTRA,1TB,tmobile,damaged,,
GALAXY S23 ULTRA,1TB,unlocked,flawless,,
GALAXY S23 ULTRA,1TB,unlocked,good,,
GALAXY S23 ULTRA,1TB,unlocked,fair,,
GALAXY S23 ULTRA,1TB,unlocked,damaged,,
GALAXY S23+,256GB,att,flawless,$191.06,$300.00
GALAXY S23+,256GB,att,good,$191.06,$300.00
GALAXY S23+,256GB,att,fair,$103.00,$300.00
GALAXY S23+,256GB,att,damaged,$92.00,$300.00
GALAXY S23+,256GB,verizon,flawless,$191.06,$300.00
GALAXY S23+,256GB,verizon,good,$191.06,$300.00
GALAXY S23+,256GB,verizon,fair,$100.00,$300.00
GALAXY S23+,256GB,verizon,damaged,$72.00,$300.00
GALAXY S23+,256GB,tmobile,flawless,$183.00,$300.00
GALAXY S23+,256GB,tmobile,good,$159.00,$300.00
GALAXY S23+,256GB,tmobile,fair,$90.00,$300.00
GALAXY S23+,256GB,tmobile,damaged,$67.00,$300.00
GALAXY S23+,256GB,unlocked,flawless,$191.06,$300.00
GALAXY S23+,256GB,unlocked,good,$191.06,$300.00
GALAXY S23+,256GB,unlocked,fair,$132.00,$300.00
GALAXY S23+,256GB,unlocked,damaged,$112.00,$300.00
GALAXY S23+,512GB,att,flawless,$205.78,$320.00
GALAXY S23+,512GB,att,good,$205.78,$320.00
GALAXY S23+,512GB,att,fair,$122.00,$320.00
GALAXY S23+,512GB,att,damaged,$97.00,$320.00
GALAXY S23+,512GB,verizon,flawless,$205.78,$320.00
GALAXY S23+,512GB,verizon,good,$206.00,$320.00
GALAXY S23+,512GB,verizon,fair,$104.00,$320.00
GALAXY S23+,512GB,verizon,damaged,$82.00,$320.00
GALAXY S23+,512GB,tmobile,flawless,$205.78,$320.00
GALAXY S23+,512GB,tmobile,good,$176.00,$320.00
GALAXY S23+,512GB,tmobile,fair,$107.00,$320.00
GALAXY S23+,512GB,tmobile,damaged,$67.00,$320.00
GALAXY S23+,512GB,unlocked,flawless,$205.78,$320.00
GALAXY S23+,512GB,unlocked,good,$205.78,$320.00
GALAXY S23+,512GB,unlocked,fair,$157.00,$320.00
GALAXY S23+,512GB,unlocked,damaged,$117.00,$320.00
GALAXY S23FE,128GB,att,flawless,$88.00,$210.00
GALAXY S23FE,128GB,att,good,$70.00,$210.00
GALAXY S23FE,128GB,att,fair,$46.00,$210.00
GALAXY S23FE,128GB,att,damaged,$27.00,$210.00
GALAXY S23FE,128GB,verizon,flawless,$124.82,$210.00
GALAXY S23FE,128GB,verizon,good,$105.00,$210.00
GALAXY S23FE,128GB,verizon,fair,$46.00,$210.00
GALAXY S23FE,128GB,verizon,damaged,$27.00,$210.00
GALAXY S23FE,128GB,tmobile,flawless,$77.00,$210.00
GALAXY S23FE,128GB,tmobile,good,$61.00,$210.00
GALAXY S23FE,128GB,tmobile,fair,$43.00,$210.00
GALAXY S23FE,128GB,tmobile,damaged,$24.00,$210.00
GALAXY S23FE,128GB,unlocked,flawless,$124.82,$210.00
GALAXY S23FE,128GB,unlocked,good,$125.00,$210.00
GALAXY S23FE,128GB,unlocked,fair,$63.00,$210.00
GALAXY S23FE,128GB,unlocked,damaged,$32.00,$210.00
GALAXY S23FE,256gb,att,flawless,$98.00,$340.00
GALAXY S23FE,256gb,att,good,$78.00,$340.00
GALAXY S23FE,256gb,att,fair,$50.00,$340.00
GALAXY S23FE,256gb,att,damaged,$32.00,$340.00
GALAXY S23FE,256gb,verizon,flawless,$142.00,$340.00
GALAXY S23FE,256gb,verizon,good,$113.00,$340.00
GALAXY S23FE,256gb,verizon,fair,$50.00,$340.00
GALAXY S23FE,256gb,verizon,damaged,$32.00,$340.00
GALAXY S23FE,256gb,tmobile,flawless,$88.00,$340.00
GALAXY S23FE,256gb,tmobile,good,$70.00,$340.00
GALAXY S23FE,256gb,tmobile,fair,$49.00,$340.00
GALAXY S23FE,256gb,tmobile,damaged,$27.00,$340.00
GALAXY S23FE,256gb,unlocked,flawless,$162.00,$340.00
GALAXY S23FE,256gb,unlocked,good,$141.00,$340.00
GALAXY S23FE,256gb,unlocked,fair,$73.00,$340.00
GALAXY S23FE,256gb,unlocked,damaged,$32.00,$340.00
GALAXY S24,128GB,att,flawless,$205.78,$320.00
GALAXY S24,128GB,att,good,$185.00,$320.00
GALAXY S24,128GB,att,fair,$112.00,$320.00
GALAXY S24,128GB,att,damaged,$92.00,$320.00
GALAXY S24,128GB,verizon,flawless,$203.00,$320.00
GALAXY S24,128GB,verizon,good,$181.00,$320.00
GALAXY S24,128GB,verizon,fair,$116.00,$320.00
GALAXY S24,128GB,verizon,damaged,$91.00,$320.00
GALAXY S24,128GB,tmobile,flawless,$205.78,$320.00
GALAXY S24,128GB,tmobile,good,$186.00,$320.00
GALAXY S24,128GB,tmobile,fair,$171.00,$320.00
GALAXY S24,128GB,tmobile,damaged,$92.00,$320.00
GALAXY S24,128GB,unlocked,flawless,$205.78,$320.00
GALAXY S24,128GB,unlocked,good,$205.78,$320.00
GALAXY S24,128GB,unlocked,fair,$187.00,$320.00
GALAXY S24,128GB,unlocked,damaged,$132.00,$320.00
GALAXY S24,256gb,att,flawless,$233.00,$410.00
GALAXY S24,256gb,att,good,$197.00,$410.00
GALAXY S24,256gb,att,fair,$142.00,$410.00
GALAXY S24,256gb,att,damaged,$102.00,$410.00
GALAXY S24,256gb,verizon,flawless,$215.00,$410.00
GALAXY S24,256gb,verizon,good,$193.00,$410.00
GALAXY S24,256gb,verizon,fair,$127.00,$410.00
GALAXY S24,256gb,verizon,damaged,$102.00,$410.00
GALAXY S24,256gb,tmobile,flawless,$219.00,$410.00
GALAXY S24,256gb,tmobile,good,$186.00,$410.00
GALAXY S24,256gb,tmobile,fair,$137.00,$410.00
GALAXY S24,256gb,tmobile,damaged,$102.00,$410.00
GALAXY S24,256gb,unlocked,flawless,$272.02,$410.00
GALAXY S24,256gb,unlocked,good,$266.00,$410.00
GALAXY S24,256gb,unlocked,fair,$217.00,$410.00
GALAXY S24,256gb,unlocked,damaged,$142.00,$410.00
GALAXY S24 FE,128GB,att,flawless,$164.00,$300.00
GALAXY S24 FE,128GB,att,good,$136.00,$300.00
GALAXY S24 FE,128GB,att,fair,$92.00,$300.00
GALAXY S24 FE,128GB,att,damaged,$66.00,$300.00
GALAXY S24 FE,128GB,verizon,flawless,$164.00,$300.00
GALAXY S24 FE,128GB,verizon,good,$131.00,$300.00
GALAXY S24 FE,128GB,verizon,fair,$88.00,$300.00
GALAXY S24 FE,128GB,verizon,damaged,$61.00,$300.00
GALAXY S24 FE,128GB,tmobile,flawless,$148.00,$300.00
GALAXY S24 FE,128GB,tmobile,good,$122.00,$300.00
GALAXY S24 FE,128GB,tmobile,fair,$92.00,$300.00
GALAXY S24 FE,128GB,tmobile,damaged,$52.00,$300.00
GALAXY S24 FE,128GB,unlocked,flawless,$191.06,$300.00
GALAXY S24 FE,128GB,unlocked,good,$191.06,$300.00
GALAXY S24 FE,128GB,unlocked,fair,$127.00,$300.00
GALAXY S24 FE,128GB,unlocked,damaged,$81.00,$300.00
GALAXY S24 FE,256gb,att,flawless,$187.00,$320.00
GALAXY S24 FE,256gb,att,good,$159.00,$320.00
GALAXY S24 FE,256gb,att,fair,$96.00,$320.00
GALAXY S24 FE,256gb,att,damaged,$71.00,$320.00
GALAXY S24 FE,256gb,verizon,flawless,$178.00,$320.00
GALAXY S24 FE,256gb,verizon,good,$142.00,$320.00
GALAXY S24 FE,256gb,verizon,fair,$96.00,$320.00
GALAXY S24 FE,256gb,verizon,damaged,$66.00,$320.00
GALAXY S24 FE,256gb,tmobile,flawless,$168.00,$320.00
GALAXY S24 FE,256gb,tmobile,good,$140.00,$320.00
GALAXY S24 FE,256gb,tmobile,fair,$96.00,$320.00
GALAXY S24 FE,256gb,tmobile,damaged,$56.00,$320.00
GALAXY S24 FE,256gb,unlocked,flawless,$205.78,$320.00
GALAXY S24 FE,256gb,unlocked,good,$205.78,$320.00
GALAXY S24 FE,256gb,unlocked,fair,$147.00,$320.00
GALAXY S24 FE,256gb,unlocked,damaged,$86.00,$320.00
GALAXY S24 ULTRA,256GB,att,flawless,$353.00,$610.00
GALAXY S24 ULTRA,256GB,att,good,$314.00,$610.00
GALAXY S24 ULTRA,256GB,att,fair,$232.00,$610.00
GALAXY S24 ULTRA,256GB,att,damaged,$107.00,$610.00
GALAXY S24 ULTRA,256GB,verizon,flawless,$333.00,$610.00
GALAXY S24 ULTRA,256GB,verizon,good,$306.00,$610.00
GALAXY S24 ULTRA,256GB,verizon,fair,$172.00,$610.00
GALAXY S24 ULTRA,256GB,verizon,damaged,$102.00,$610.00
GALAXY S24 ULTRA,256GB,tmobile,flawless,$317.00,$610.00
GALAXY S24 ULTRA,256GB,tmobile,good,$315.00,$610.00
GALAXY S24 ULTRA,256GB,tmobile,fair,$182.00,$610.00
GALAXY S24 ULTRA,256GB,tmobile,damaged,$107.00,$610.00
GALAXY S24 ULTRA,256GB,unlocked,flawless,$431.48,$610.00
GALAXY S24 ULTRA,256GB,unlocked,good,$375.00,$610.00
GALAXY S24 ULTRA,256GB,unlocked,fair,$332.00,$610.00
GALAXY S24 ULTRA,256GB,unlocked,damaged,$157.00,$610.00
GALAXY S24 ULTRA,512GB,att,flawless,$398.00,$640.00
GALAXY S24 ULTRA,512GB,att,good,$337.00,$640.00
GALAXY S24 ULTRA,512GB,att,fair,$252.00,$640.00
GALAXY S24 ULTRA,512GB,att,damaged,$122.00,$640.00
GALAXY S24 ULTRA,512GB,verizon,flawless,$360.00,$640.00
GALAXY S24 ULTRA,512GB,verizon,good,$309.00,$640.00
GALAXY S24 ULTRA,512GB,verizon,fair,$212.00,$640.00
GALAXY S24 ULTRA,512GB,verizon,damaged,$112.00,$640.00
GALAXY S24 ULTRA,512GB,tmobile,flawless,$362.00,$640.00
GALAXY S24 ULTRA,512GB,tmobile,good,$293.00,$640.00
GALAXY S24 ULTRA,512GB,tmobile,fair,$202.00,$640.00
GALAXY S24 ULTRA,512GB,tmobile,damaged,$122.00,$640.00
GALAXY S24 ULTRA,512GB,unlocked,flawless,$455.48,$640.00
GALAXY S24 ULTRA,512GB,unlocked,good,$421.00,$640.00
GALAXY S24 ULTRA,512GB,unlocked,fair,$352.00,$640.00
GALAXY S24 ULTRA,512GB,unlocked,damaged,$172.00,$640.00
GALAXY S24 ULTRA,1TB,att,flawless,,
GALAXY S24 ULTRA,1TB,att,good,,
GALAXY S24 ULTRA,1TB,att,fair,,
GALAXY S24 ULTRA,1TB,att,damaged,,
GALAXY S24 ULTRA,1TB,verizon,flawless,,
GALAXY S24 ULTRA,1TB,verizon,good,,
GALAXY S24 ULTRA,1TB,verizon,fair,,
GALAXY S24 ULTRA,1TB,verizon,damaged,,
GALAXY S24 ULTRA,1TB,tmobile,flawless,,
GALAXY S24 ULTRA,1TB,tmobile,good,,
GALAXY S24 ULTRA,1TB,tmobile,fair,,
GALAXY S24 ULTRA,1TB,tmobile,damaged,,
GALAXY S24 ULTRA,1TB,unlocked,flawless,,
GALAXY S24 ULTRA,1TB,unlocked,good,,
GALAXY S24 ULTRA,1TB,unlocked,fair,,
GALAXY S24 ULTRA,1TB,unlocked,damaged,,
GALAXY S24+,256GB,att,flawless,$264.00,$430.00
GALAXY S24+,256GB,att,good,$231.00,$430.00
GALAXY S24+,256GB,att,fair,$147.00,$430.00
GALAXY S24+,256GB,att,damaged,$91.00,$430.00
GALAXY S24+,256GB,verizon,flawless,$242.00,$430.00
GALAXY S24+,256GB,verizon,good,$223.00,$430.00
GALAXY S24+,256GB,verizon,fair,$152.00,$430.00
GALAXY S24+,256GB,verizon,damaged,$86.00,$430.00
GALAXY S24+,256GB,tmobile,flawless,$231.00,$430.00
GALAXY S24+,256GB,tmobile,good,$211.00,$430.00
GALAXY S24+,256GB,tmobile,fair,$142.00,$430.00
GALAXY S24+,256GB,tmobile,damaged,$77.00,$430.00
GALAXY S24+,256GB,unlocked,flawless,$287.48,$430.00
GALAXY S24+,256GB,unlocked,good,$287.48,$430.00
GALAXY S24+,256GB,unlocked,fair,$222.00,$430.00
GALAXY S24+,256GB,unlocked,damaged,$107.00,$430.00
GALAXY S24+,512GB,att,flawless,$336.00,$535.00
GALAXY S24+,512GB,att,good,$281.00,$535.00
GALAXY S24+,512GB,att,fair,$217.00,$535.00
GALAXY S24+,512GB,att,damaged,$101.00,$535.00
GALAXY S24+,512GB,verizon,flawless,$284.00,$535.00
GALAXY S24+,512GB,verizon,good,$259.00,$535.00
GALAXY S24+,512GB,verizon,fair,$187.00,$535.00
GALAXY S24+,512GB,verizon,damaged,$101.00,$535.00
GALAXY S24+,512GB,tmobile,flawless,$273.00,$535.00
GALAXY S24+,512GB,tmobile,good,$251.00,$535.00
GALAXY S24+,512GB,tmobile,fair,$192.00,$535.00
GALAXY S24+,512GB,tmobile,damaged,$82.00,$535.00
GALAXY S24+,512GB,unlocked,flawless,$371.48,$535.00
GALAXY S24+,512GB,unlocked,good,$351.00,$535.00
GALAXY S24+,512GB,unlocked,fair,$292.00,$535.00
GALAXY S24+,512GB,unlocked,damaged,$117.00,$535.00
GALAXY S25,128GB,att,flawless,$295.48,$440.00
GALAXY S25,128GB,att,good,$275.00,$440.00
GALAXY S25,128GB,att,fair,$177.00,$440.00
GALAXY S25,128GB,att,damaged,$81.00,$440.00
GALAXY S25,128GB,verizon,flawless,$295.48,$440.00
GALAXY S25,128GB,verizon,good,$258.00,$440.00
GALAXY S25,128GB,verizon,fair,$169.00,$440.00
GALAXY S25,128GB,verizon,damaged,$81.00,$440.00
GALAXY S25,128GB,tmobile,flawless,$284.00,$440.00
GALAXY S25,128GB,tmobile,good,$240.00,$440.00
GALAXY S25,128GB,tmobile,fair,$152.00,$440.00
GALAXY S25,128GB,tmobile,damaged,$76.00,$440.00
GALAXY S25,128GB,unlocked,flawless,$295.48,$440.00
GALAXY S25,128GB,unlocked,good,$295.48,$440.00
GALAXY S25,128GB,unlocked,fair,$252.00,$440.00
GALAXY S25,128GB,unlocked,damaged,$87.00,$440.00
GALAXY S25,256gb,att,flawless,$344.00,$540.00
GALAXY S25,256gb,att,good,$290.00,$540.00
GALAXY S25,256gb,att,fair,$207.00,$540.00
GALAXY S25,256gb,att,damaged,$91.00,$540.00
GALAXY S25,256gb,verizon,flawless,$323.00,$540.00
GALAXY S25,256gb,verizon,good,$283.00,$540.00
GALAXY S25,256gb,verizon,fair,$169.00,$540.00
GALAXY S25,256gb,verizon,damaged,$91.00,$540.00
GALAXY S25,256gb,tmobile,flawless,$316.00,$540.00
GALAXY S25,256gb,tmobile,good,$267.00,$540.00
GALAXY S25,256gb,tmobile,fair,$182.00,$540.00
GALAXY S25,256gb,tmobile,damaged,$86.00,$540.00
GALAXY S25,256gb,unlocked,flawless,$375.48,$540.00
GALAXY S25,256gb,unlocked,good,$351.00,$540.00
GALAXY S25,256gb,unlocked,fair,$282.00,$540.00
GALAXY S25,256gb,unlocked,damaged,$97.00,$540.00
GALAXY S25 EDGE,256gb,att,flawless,$367.00,$570.00
GALAXY S25 EDGE,256gb,att,good,$316.00,$570.00
GALAXY S25 EDGE,256gb,att,fair,$227.00,$570.00
GALAXY S25 EDGE,256gb,att,damaged,$92.00,$570.00
GALAXY S25 EDGE,256gb,verizon,flawless,$363.00,$570.00
GALAXY S25 EDGE,256gb,verizon,good,$312.00,$570.00
GALAXY S25 EDGE,256gb,verizon,fair,$202.00,$570.00
GALAXY S25 EDGE,256gb,verizon,damaged,$87.00,$570.00
GALAXY S25 EDGE,256gb,tmobile,flawless,$392.00,$570.00
GALAXY S25 EDGE,256gb,tmobile,good,$341.00,$570.00
GALAXY S25 EDGE,256gb,tmobile,fair,$252.00,$570.00
GALAXY S25 EDGE,256gb,tmobile,damaged,$87.00,$570.00
GALAXY S25 EDGE,256gb,unlocked,flawless,$399.48,$570.00
GALAXY S25 EDGE,256gb,unlocked,good,$399.48,$570.00
GALAXY S25 EDGE,256gb,unlocked,fair,$352.00,$570.00
GALAXY S25 EDGE,256gb,unlocked,damaged,$107.00,$570.00
GALAXY S25 EDGE,512GB,att,flawless,$392.00,$670.00
GALAXY S25 EDGE,512GB,att,good,$341.00,$670.00
GALAXY S25 EDGE,512GB,att,fair,$252.00,$670.00
GALAXY S25 EDGE,512GB,att,damaged,$92.00,$670.00
GALAXY S25 EDGE,512GB,verizon,flawless,$368.00,$670.00
GALAXY S25 EDGE,512GB,verizon,good,$317.00,$670.00
GALAXY S25 EDGE,512GB,verizon,fair,$232.00,$670.00
GALAXY S25 EDGE,512GB,verizon,damaged,$92.00,$670.00
GALAXY S25 EDGE,512GB,tmobile,flawless,$417.00,$670.00
GALAXY S25 EDGE,512GB,tmobile,good,$366.00,$670.00
GALAXY S25 EDGE,512GB,tmobile,fair,$277.00,$670.00
GALAXY S25 EDGE,512GB,tmobile,damaged,$92.00,$670.00
GALAXY S25 EDGE,512GB,unlocked,flawless,$479.48,$670.00
GALAXY S25 EDGE,512GB,unlocked,good,$466.00,$670.00
GALAXY S25 EDGE,512GB,unlocked,fair,$377.00,$670.00
GALAXY S25 EDGE,512GB,unlocked,damaged,$117.00,$670.00
GALAXY S25 ULTRA,128GB,att,flawless,,
GALAXY S25 ULTRA,128GB,att,good,,
GALAXY S25 ULTRA,128GB,att,fair,,
GALAXY S25 ULTRA,128GB,att,damaged,,
GALAXY S25 ULTRA,128GB,verizon,flawless,,
GALAXY S25 ULTRA,128GB,verizon,good,,
GALAXY S25 ULTRA,128GB,verizon,fair,,
GALAXY S25 ULTRA,128GB,verizon,damaged,,
GALAXY S25 ULTRA,128GB,tmobile,flawless,,
GALAXY S25 ULTRA,128GB,tmobile,good,,
GALAXY S25 ULTRA,128GB,tmobile,fair,,
GALAXY S25 ULTRA,128GB,tmobile,damaged,,
GALAXY S25 ULTRA,128GB,unlocked,flawless,,
GALAXY S25 ULTRA,128GB,unlocked,good,,
GALAXY S25 ULTRA,128GB,unlocked,fair,,
GALAXY S25 ULTRA,128GB,unlocked,damaged,,
GALAXY S25 ULTRA,256GB,att,flawless,$539.00,$790.00
GALAXY S25 ULTRA,256GB,att,good,$496.00,$790.00
GALAXY S25 ULTRA,256GB,att,fair,$421.00,$790.00
GALAXY S25 ULTRA,256GB,att,damaged,$191.00,$790.00
GALAXY S25 ULTRA,256GB,verizon,flawless,$538.00,$790.00
GALAXY S25 ULTRA,256GB,verizon,good,$468.00,$790.00
GALAXY S25 ULTRA,256GB,verizon,fair,$402.00,$790.00
GALAXY S25 ULTRA,256GB,verizon,damaged,$215.00,$790.00
GALAXY S25 ULTRA,256GB,tmobile,flawless,$488.00,$790.00
GALAXY S25 ULTRA,256GB,tmobile,good,$446.00,$790.00
GALAXY S25 ULTRA,256GB,tmobile,fair,$372.00,$790.00
GALAXY S25 ULTRA,256GB,tmobile,damaged,$191.00,$790.00
GALAXY S25 ULTRA,256GB,unlocked,flawless,$575.48,$790.00
GALAXY S25 ULTRA,256GB,unlocked,good,$575.48,$790.00
GALAXY S25 ULTRA,256GB,unlocked,fair,$521.00,$790.00
GALAXY S25 ULTRA,256GB,unlocked,damaged,$202.00,$790.00
GALAXY S25 ULTRA,512GB,att,flawless,$574.00,$905.00
GALAXY S25 ULTRA,512GB,att,good,$526.00,$905.00
GALAXY S25 ULTRA,512GB,att,fair,$476.00,$905.00
GALAXY S25 ULTRA,512GB,att,damaged,$211.00,$905.00
GALAXY S25 ULTRA,512GB,verizon,flawless,$596.00,$905.00
GALAXY S25 ULTRA,512GB,verizon,good,$529.00,$905.00
GALAXY S25 ULTRA,512GB,verizon,fair,$479.00,$905.00
GALAXY S25 ULTRA,512GB,verizon,damaged,$235.00,$905.00
GALAXY S25 ULTRA,512GB,tmobile,flawless,$523.00,$905.00
GALAXY S25 ULTRA,512GB,tmobile,good,$484.00,$905.00
GALAXY S25 ULTRA,512GB,tmobile,fair,$426.00,$905.00
GALAXY S25 ULTRA,512GB,tmobile,damaged,$211.00,$905.00
GALAXY S25 ULTRA,512GB,unlocked,flawless,$667.48,$905.00
GALAXY S25 ULTRA,512GB,unlocked,good,$631.00,$905.00
GALAXY S25 ULTRA,512GB,unlocked,fair,$576.00,$905.00
GALAXY S25 ULTRA,512GB,unlocked,damaged,$222.00,$905.00
GALAXY S25 ULTRA,1TB,att,flawless,,
GALAXY S25 ULTRA,1TB,att,good,,
GALAXY S25 ULTRA,1TB,att,fair,,
GALAXY S25 ULTRA,1TB,att,damaged,,
GALAXY S25 ULTRA,1TB,verizon,flawless,,
GALAXY S25 ULTRA,1TB,verizon,good,,
GALAXY S25 ULTRA,1TB,verizon,fair,,
GALAXY S25 ULTRA,1TB,verizon,damaged,,
GALAXY S25 ULTRA,1TB,tmobile,flawless,,
GALAXY S25 ULTRA,1TB,tmobile,good,,
GALAXY S25 ULTRA,1TB,tmobile,fair,,
GALAXY S25 ULTRA,1TB,tmobile,damaged,,
GALAXY S25 ULTRA,1TB,unlocked,flawless,,
GALAXY S25 ULTRA,1TB,unlocked,good,,
GALAXY S25 ULTRA,1TB,unlocked,fair,,
GALAXY S25 ULTRA,1TB,unlocked,damaged,,
GALAXY S25+,256GB,att,flawless,$399.48,$570.00
GALAXY S25+,256GB,att,good,$356.00,$570.00
GALAXY S25+,256GB,att,fair,$282.00,$570.00
GALAXY S25+,256GB,att,damaged,$87.00,$570.00
GALAXY S25+,256GB,verizon,flawless,$398.00,$570.00
GALAXY S25+,256GB,verizon,good,$356.00,$570.00
GALAXY S25+,256GB,verizon,fair,$172.00,$570.00
GALAXY S25+,256GB,verizon,damaged,$86.00,$570.00
GALAXY S25+,256GB,tmobile,flawless,$388.00,$570.00
GALAXY S25+,256GB,tmobile,good,$331.00,$570.00
GALAXY S25+,256GB,tmobile,fair,$262.00,$570.00
GALAXY S25+,256GB,tmobile,damaged,$82.00,$570.00
GALAXY S25+,256GB,unlocked,flawless,$399.48,$570.00
GALAXY S25+,256GB,unlocked,good,$399.48,$570.00
GALAXY S25+,256GB,unlocked,fair,$357.00,$570.00
GALAXY S25+,256GB,unlocked,damaged,$92.00,$570.00
GALAXY S25+,512GB,att,flawless,$468.00,$675.00
GALAXY S25+,512GB,att,good,$406.00,$675.00
GALAXY S25+,512GB,att,fair,$342.00,$675.00
GALAXY S25+,512GB,att,damaged,$97.00,$675.00
GALAXY S25+,512GB,verizon,flawless,$468.00,$675.00
GALAXY S25+,512GB,verizon,good,$406.00,$675.00
GALAXY S25+,512GB,verizon,fair,$192.00,$675.00
GALAXY S25+,512GB,verizon,damaged,$96.00,$675.00
GALAXY S25+,512GB,tmobile,flawless,$435.00,$675.00
GALAXY S25+,512GB,tmobile,good,$382.00,$675.00
GALAXY S25+,512GB,tmobile,fair,$317.00,$675.00
GALAXY S25+,512GB,tmobile,damaged,$92.00,$675.00
GALAXY S25+,512GB,unlocked,flawless,$483.48,$675.00
GALAXY S25+,512GB,unlocked,good,$481.00,$675.00
GALAXY S25+,512GB,unlocked,fair,$417.00,$675.00
GALAXY S25+,512GB,unlocked,damaged,$102.00,$675.00
GALAXY Z FLIP 4,128GB,att,flawless,$107.00,$210.00
GALAXY Z FLIP 4,128GB,att,good,$86.00,$210.00
GALAXY Z FLIP 4,128GB,att,fair,$47.00,$210.00
GALAXY Z FLIP 4,128GB,att,damaged,$21.00,$210.00
GALAXY Z FLIP 4,128GB,verizon,flawless,$97.00,$210.00
GALAXY Z FLIP 4,128GB,verizon,good,$81.00,$210.00
GALAXY Z FLIP 4,128GB,verizon,fair,$42.00,$210.00
GALAXY Z FLIP 4,128GB,verizon,damaged,$25.00,$210.00
GALAXY Z FLIP 4,128GB,tmobile,flawless,$107.00,$210.00
GALAXY Z FLIP 4,128GB,tmobile,good,$86.00,$210.00
GALAXY Z FLIP 4,128GB,tmobile,fair,$47.00,$210.00
GALAXY Z FLIP 4,128GB,tmobile,damaged,$21.00,$210.00
GALAXY Z FLIP 4,128GB,unlocked,flawless,$124.82,$210.00
GALAXY Z FLIP 4,128GB,unlocked,good,$118.00,$210.00
GALAXY Z FLIP 4,128GB,unlocked,fair,$78.00,$210.00
GALAXY Z FLIP 4,128GB,unlocked,damaged,$27.00,$210.00
GALAXY Z FLIP 4,256GB,att,flawless,,
GALAXY Z FLIP 4,256GB,att,good,,
GALAXY Z FLIP 4,256GB,att,fair,,
GALAXY Z FLIP 4,256GB,att,damaged,,
GALAXY Z FLIP 4,256GB,verizon,flawless,,
GALAXY Z FLIP 4,256GB,verizon,good,,
GALAXY Z FLIP 4,256GB,verizon,fair,,
GALAXY Z FLIP 4,256GB,verizon,damaged,,
GALAXY Z FLIP 4,256GB,tmobile,flawless,,
GALAXY Z FLIP 4,256GB,tmobile,good,,
GALAXY Z FLIP 4,256GB,tmobile,fair,,
GALAXY Z FLIP 4,256GB,tmobile,damaged,,
GALAXY Z FLIP 4,256GB,unlocked,flawless,,
GALAXY Z FLIP 4,256GB,unlocked,good,,
GALAXY Z FLIP 4,256GB,unlocked,fair,,
GALAXY Z FLIP 4,256GB,unlocked,damaged,,
GALAXY Z FLIP 4,512GB,att,flawless,,
GALAXY Z FLIP 4,512GB,att,good,,
GALAXY Z FLIP 4,512GB,att,fair,,
GALAXY Z FLIP 4,512GB,att,damaged,,
GALAXY Z FLIP 4,512GB,verizon,flawless,,
GALAXY Z FLIP 4,512GB,verizon,good,,
GALAXY Z FLIP 4,512GB,verizon,fair,,
GALAXY Z FLIP 4,512GB,verizon,damaged,,
GALAXY Z FLIP 4,512GB,tmobile,flawless,,
GALAXY Z FLIP 4,512GB,tmobile,good,,
GALAXY Z FLIP 4,512GB,tmobile,fair,,
GALAXY Z FLIP 4,512GB,tmobile,damaged,,
GALAXY Z FLIP 4,512GB,unlocked,flawless,,
GALAXY Z FLIP 4,512GB,unlocked,good,,
GALAXY Z FLIP 4,512GB,unlocked,fair,,
GALAXY Z FLIP 4,512GB,unlocked,damaged,,
GALAXY Z FLIP 5,256GB,att,flawless,$194.74,$305.00
GALAXY Z FLIP 5,256GB,att,good,$161.00,$305.00
GALAXY Z FLIP 5,256GB,att,fair,$133.00,$305.00
GALAXY Z FLIP 5,256GB,att,damaged,$46.00,$305.00
GALAXY Z FLIP 5,256GB,verizon,flawless,$192.00,$305.00
GALAXY Z FLIP 5,256GB,verizon,good,$161.00,$305.00
GALAXY Z FLIP 5,256GB,verizon,fair,$132.00,$305.00
GALAXY Z FLIP 5,256GB,verizon,damaged,$36.00,$305.00
GALAXY Z FLIP 5,256GB,tmobile,flawless,$194.74,$305.00
GALAXY Z FLIP 5,256GB,tmobile,good,$154.00,$305.00
GALAXY Z FLIP 5,256GB,tmobile,fair,$127.00,$305.00
GALAXY Z FLIP 5,256GB,tmobile,damaged,$46.00,$305.00
GALAXY Z FLIP 5,256GB,unlocked,flawless,$194.74,$305.00
GALAXY Z FLIP 5,256GB,unlocked,good,$194.74,$305.00
GALAXY Z FLIP 5,256GB,unlocked,fair,$164.00,$305.00
GALAXY Z FLIP 5,256GB,unlocked,damaged,$76.00,$305.00
GALAXY Z FLIP 5,512GB,att,flawless,,
GALAXY Z FLIP 5,512GB,att,good,,
GALAXY Z FLIP 5,512GB,att,fair,,
GALAXY Z FLIP 5,512GB,att,damaged,,
GALAXY Z FLIP 5,512GB,verizon,flawless,,
GALAXY Z FLIP 5,512GB,verizon,good,,
GALAXY Z FLIP 5,512GB,verizon,fair,,
GALAXY Z FLIP 5,512GB,verizon,damaged,,
GALAXY Z FLIP 5,512GB,tmobile,flawless,,
GALAXY Z FLIP 5,512GB,tmobile,good,,
GALAXY Z FLIP 5,512GB,tmobile,fair,,
GALAXY Z FLIP 5,512GB,tmobile,damaged,,
GALAXY Z FLIP 5,512GB,unlocked,flawless,,
GALAXY Z FLIP 5,512GB,unlocked,good,,
GALAXY Z FLIP 5,512GB,unlocked,fair,,
GALAXY Z FLIP 5,512GB,unlocked,damaged,,
GALAXY Z FLIP 6,256GB,att,flawless,$257.30,$390.00
GALAXY Z FLIP 6,256GB,att,good,$235.00,$390.00
GALAXY Z FLIP 6,256GB,att,fair,$190.00,$390.00
GALAXY Z FLIP 6,256GB,att,damaged,$46.00,$390.00
GALAXY Z FLIP 6,256GB,verizon,flawless,$257.30,$390.00
GALAXY Z FLIP 6,256GB,verizon,good,$222.00,$390.00
GALAXY Z FLIP 6,256GB,verizon,fair,$132.00,$390.00
GALAXY Z FLIP 6,256GB,verizon,damaged,$42.00,$390.00
GALAXY Z FLIP 6,256GB,tmobile,flawless,$257.30,$390.00
GALAXY Z FLIP 6,256GB,tmobile,good,$226.00,$390.00
GALAXY Z FLIP 6,256GB,tmobile,fair,$181.00,$390.00
GALAXY Z FLIP 6,256GB,tmobile,damaged,$44.00,$390.00
GALAXY Z FLIP 6,256GB,unlocked,flawless,$257.30,$390.00
GALAXY Z FLIP 6,256GB,unlocked,good,$257.30,$390.00
GALAXY Z FLIP 6,256GB,unlocked,fair,$233.00,$390.00
GALAXY Z FLIP 6,256GB,unlocked,damaged,$62.00,$390.00
GALAXY Z FLIP 6,512GB,att,flawless,,
GALAXY Z FLIP 6,512GB,att,good,,
GALAXY Z FLIP 6,512GB,att,fair,,
GALAXY Z FLIP 6,512GB,att,damaged,,
GALAXY Z FLIP 6,512GB,verizon,flawless,,
GALAXY Z FLIP 6,512GB,verizon,good,,
GALAXY Z FLIP 6,512GB,verizon,fair,,
GALAXY Z FLIP 6,512GB,verizon,damaged,,
GALAXY Z FLIP 6,512GB,tmobile,flawless,,
GALAXY Z FLIP 6,512GB,tmobile,good,,
GALAXY Z FLIP 6,512GB,tmobile,fair,,
GALAXY Z FLIP 6,512GB,tmobile,damaged,,
GALAXY Z FLIP 6,512GB,unlocked,flawless,,
GALAXY Z FLIP 6,512GB,unlocked,good,,
GALAXY Z FLIP 6,512GB,unlocked,fair,,
GALAXY Z FLIP 6,512GB,unlocked,damaged,,
GALAXY Z FOLD 4,256GB,att,flawless,$252.00,$420.00
GALAXY Z FOLD 4,256GB,att,good,$221.00,$420.00
GALAXY Z FOLD 4,256GB,att,fair,$157.00,$420.00
GALAXY Z FOLD 4,256GB,att,damaged,$61.00,$420.00
GALAXY Z FOLD 4,256GB,verizon,flawless,$256.00,$420.00
GALAXY Z FOLD 4,256GB,verizon,good,$206.00,$420.00
GALAXY Z FOLD 4,256GB,verizon,fair,$140.00,$420.00
GALAXY Z FOLD 4,256GB,verizon,damaged,$46.00,$420.00
GALAXY Z FOLD 4,256GB,tmobile,flawless,$252.00,$420.00
GALAXY Z FOLD 4,256GB,tmobile,good,$221.00,$420.00
GALAXY Z FOLD 4,256GB,tmobile,fair,$157.00,$420.00
GALAXY Z FOLD 4,256GB,tmobile,damaged,$41.00,$420.00
GALAXY Z FOLD 4,256GB,unlocked,flawless,$279.48,$420.00
GALAXY Z FOLD 4,256GB,unlocked,good,$251.00,$420.00
GALAXY Z FOLD 4,256GB,unlocked,fair,$187.00,$420.00
GALAXY Z FOLD 4,256GB,unlocked,damaged,$71.00,$420.00
GALAXY Z FOLD 4,512GB,att,flawless,,
GALAXY Z FOLD 4,512GB,att,good,,
GALAXY Z FOLD 4,512GB,att,fair,,
GALAXY Z FOLD 4,512GB,att,damaged,,
GALAXY Z FOLD 4,512GB,verizon,flawless,,
GALAXY Z FOLD 4,512GB,verizon,good,,
GALAXY Z FOLD 4,512GB,verizon,fair,,
GALAXY Z FOLD 4,512GB,verizon,damaged,,
GALAXY Z FOLD 4,512GB,tmobile,flawless,,
GALAXY Z FOLD 4,512GB,tmobile,good,,
GALAXY Z FOLD 4,512GB,tmobile,fair,,
GALAXY Z FOLD 4,512GB,tmobile,damaged,,
GALAXY Z FOLD 4,512GB,unlocked,flawless,,
GALAXY Z FOLD 4,512GB,unlocked,good,,
GALAXY Z FOLD 4,512GB,unlocked,fair,,
GALAXY Z FOLD 4,512GB,unlocked,damaged,,
GALAXY Z FOLD 4,1TB,att,flawless,,
GALAXY Z FOLD 4,1TB,att,good,,
GALAXY Z FOLD 4,1TB,att,fair,,
GALAXY Z FOLD 4,1TB,att,damaged,,
GALAXY Z FOLD 4,1TB,verizon,flawless,,
GALAXY Z FOLD 4,1TB,verizon,good,,
GALAXY Z FOLD 4,1TB,verizon,fair,,
GALAXY Z FOLD 4,1TB,verizon,damaged,,
GALAXY Z FOLD 4,1TB,tmobile,flawless,,
GALAXY Z FOLD 4,1TB,tmobile,good,,
GALAXY Z FOLD 4,1TB,tmobile,fair,,
GALAXY Z FOLD 4,1TB,tmobile,damaged,,
GALAXY Z FOLD 4,1TB,unlocked,flawless,,
GALAXY Z FOLD 4,1TB,unlocked,good,,
GALAXY Z FOLD 4,1TB,unlocked,fair,,
GALAXY Z FOLD 4,1TB,unlocked,damaged,,
GALAXY Z FOLD 5,256GB,att,flawless,$332.00,$485.00
GALAXY Z FOLD 5,256GB,att,good,$288.00,$485.00
GALAXY Z FOLD 5,256GB,att,fair,$202.00,$485.00
GALAXY Z FOLD 5,256GB,att,damaged,$96.00,$485.00
GALAXY Z FOLD 5,256GB,verizon,flawless,$331.48,$485.00
GALAXY Z FOLD 5,256GB,verizon,good,$291.00,$485.00
GALAXY Z FOLD 5,256GB,verizon,fair,$199.00,$485.00
GALAXY Z FOLD 5,256GB,verizon,damaged,$96.00,$485.00
GALAXY Z FOLD 5,256GB,tmobile,flawless,$287.00,$485.00
GALAXY Z FOLD 5,256GB,tmobile,good,$248.00,$485.00
GALAXY Z FOLD 5,256GB,tmobile,fair,$217.00,$485.00
GALAXY Z FOLD 5,256GB,tmobile,damaged,$81.00,$485.00
GALAXY Z FOLD 5,256GB,unlocked,flawless,$331.48,$485.00
GALAXY Z FOLD 5,256GB,unlocked,good,$331.48,$485.00
GALAXY Z FOLD 5,256GB,unlocked,fair,$303.00,$485.00
GALAXY Z FOLD 5,256GB,unlocked,damaged,$106.00,$485.00
GALAXY Z FOLD 5,512GB,att,flawless,,
GALAXY Z FOLD 5,512GB,att,good,,
GALAXY Z FOLD 5,512GB,att,fair,,
GALAXY Z FOLD 5,512GB,att,damaged,,
GALAXY Z FOLD 5,512GB,verizon,flawless,,
GALAXY Z FOLD 5,512GB,verizon,good,,
GALAXY Z FOLD 5,512GB,verizon,fair,,
GALAXY Z FOLD 5,512GB,verizon,damaged,,
GALAXY Z FOLD 5,512GB,tmobile,flawless,,
GALAXY Z FOLD 5,512GB,tmobile,good,,
GALAXY Z FOLD 5,512GB,tmobile,fair,,
GALAXY Z FOLD 5,512GB,tmobile,damaged,,
GALAXY Z FOLD 5,512GB,unlocked,flawless,,
GALAXY Z FOLD 5,512GB,unlocked,good,,
GALAXY Z FOLD 5,512GB,unlocked,fair,,
GALAXY Z FOLD 5,512GB,unlocked,damaged,,
GALAXY Z FOLD 5,1TB,att,flawless,,
GALAXY Z FOLD 5,1TB,att,good,,
GALAXY Z FOLD 5,1TB,att,fair,,
GALAXY Z FOLD 5,1TB,att,damaged,,
GALAXY Z FOLD 5,1TB,verizon,flawless,,
GALAXY Z FOLD 5,1TB,verizon,good,,
GALAXY Z FOLD 5,1TB,verizon,fair,,
GALAXY Z FOLD 5,1TB,verizon,damaged,,
GALAXY Z FOLD 5,1TB,tmobile,flawless,,
GALAXY Z FOLD 5,1TB,tmobile,good,,
GALAXY Z FOLD 5,1TB,tmobile,fair,,
GALAXY Z FOLD 5,1TB,tmobile,damaged,,
GALAXY Z FOLD 5,1TB,unlocked,flawless,,
GALAXY Z FOLD 5,1TB,unlocked,good,,
GALAXY Z FOLD 5,1TB,unlocked,fair,,
GALAXY Z FOLD 5,1TB,unlocked,damaged,,
GALAXY Z FOLD 6,256GB,att,flawless,$452.00,$760.00
GALAXY Z FOLD 6,256GB,att,good,$395.00,$760.00
GALAXY Z FOLD 6,256GB,att,fair,$307.00,$760.00
GALAXY Z FOLD 6,256GB,att,damaged,$142.00,$760.00
GALAXY Z FOLD 6,256GB,verizon,flawless,$458.00,$760.00
GALAXY Z FOLD 6,256GB,verizon,good,$400.00,$760.00
GALAXY Z FOLD 6,256GB,verizon,fair,$236.00,$760.00
GALAXY Z FOLD 6,256GB,verizon,damaged,$151.00,$760.00
GALAXY Z FOLD 6,256GB,tmobile,flawless,$452.00,$760.00
GALAXY Z FOLD 6,256GB,tmobile,good,$359.00,$760.00
GALAXY Z FOLD 6,256GB,tmobile,fair,$257.00,$760.00
GALAXY Z FOLD 6,256GB,tmobile,damaged,$141.00,$760.00
GALAXY Z FOLD 6,256GB,unlocked,flawless,$551.48,$760.00
GALAXY Z FOLD 6,256GB,unlocked,good,$481.00,$760.00
GALAXY Z FOLD 6,256GB,unlocked,fair,$407.00,$760.00
GALAXY Z FOLD 6,256GB,unlocked,damaged,$172.00,$760.00
GALAXY Z FOLD 6,512GB,att,flawless,,
GALAXY Z FOLD 6,512GB,att,good,,
GALAXY Z FOLD 6,512GB,att,fair,,
GALAXY Z FOLD 6,512GB,att,damaged,,
GALAXY Z FOLD 6,512GB,verizon,flawless,,
GALAXY Z FOLD 6,512GB,verizon,good,,
GALAXY Z FOLD 6,512GB,verizon,fair,,
GALAXY Z FOLD 6,512GB,verizon,damaged,,
GALAXY Z FOLD 6,512GB,tmobile,flawless,,
GALAXY Z FOLD 6,512GB,tmobile,good,,
GALAXY Z FOLD 6,512GB,tmobile,fair,,
GALAXY Z FOLD 6,512GB,tmobile,damaged,,
GALAXY Z FOLD 6,512GB,unlocked,flawless,,
GALAXY Z FOLD 6,512GB,unlocked,good,,
GALAXY Z FOLD 6,512GB,unlocked,fair,,
GALAXY Z FOLD 6,512GB,unlocked,damaged,,
GALAXY Z FOLD 6,1TB,att,flawless,,
GALAXY Z FOLD 6,1TB,att,good,,
GALAXY Z FOLD 6,1TB,att,fair,,
GALAXY Z FOLD 6,1TB,att,damaged,,
GALAXY Z FOLD 6,1TB,verizon,flawless,,
GALAXY Z FOLD 6,1TB,verizon,good,,
GALAXY Z FOLD 6,1TB,verizon,fair,,
GALAXY Z FOLD 6,1TB,verizon,damaged,,
GALAXY Z FOLD 6,1TB,tmobile,flawless,,
GALAXY Z FOLD 6,1TB,tmobile,good,,
GALAXY Z FOLD 6,1TB,tmobile,fair,,
GALAXY Z FOLD 6,1TB,tmobile,damaged,,
GALAXY Z FOLD 6,1TB,unlocked,flawless,,
GALAXY Z FOLD 6,1TB,unlocked,good,,
GALAXY Z FOLD 6,1TB,unlocked,fair,,
GALAXY Z FOLD 6,1TB,unlocked,damaged,,
IPHONE 12 PRO,128GB,att,flawless,$168.98,$270.00
IPHONE 12 PRO,128GB,att,good,$168.98,$270.00
IPHONE 12 PRO,128GB,att,fair,$122.00,$270.00
IPHONE 12 PRO,128GB,att,damaged,$92.00,$270.00
IPHONE 12 PRO,128GB,verizon,flawless,$168.98,$270.00
IPHONE 12 PRO,128GB,verizon,good,$167.00,$270.00
IPHONE 12 PRO,128GB,verizon,fair,$114.00,$270.00
IPHONE 12 PRO,128GB,verizon,damaged,$92.00,$270.00
IPHONE 12 PRO,128GB,tmobile,flawless,$168.98,$270.00
IPHONE 12 PRO,128GB,tmobile,good,$167.00,$270.00
IPHONE 12 PRO,128GB,tmobile,fair,$106.00,$270.00
IPHONE 12 PRO,128GB,tmobile,damaged,$92.00,$270.00
IPHONE 12 PRO,128GB,unlocked,flawless,$168.98,$270.00
IPHONE 12 PRO,128GB,unlocked,good,$168.98,$270.00
IPHONE 12 PRO,128GB,unlocked,fair,$126.00,$270.00
IPHONE 12 PRO,128GB,unlocked,damaged,$92.00,$270.00
IPHONE 12 PRO,256GB,att,flawless,$180.02,$285.00
IPHONE 12 PRO,256GB,att,good,$180.02,$285.00
IPHONE 12 PRO,256GB,att,fair,$162.00,$285.00
IPHONE 12 PRO,256GB,att,damaged,$92.00,$285.00
IPHONE 12 PRO,256GB,verizon,flawless,$180.02,$285.00
IPHONE 12 PRO,256GB,verizon,good,$180.02,$285.00
IPHONE 12 PRO,256GB,verizon,fair,$142.00,$285.00
IPHONE 12 PRO,256GB,verizon,damaged,$92.00,$285.00
IPHONE 12 PRO,256GB,tmobile,flawless,$180.02,$285.00
IPHONE 12 PRO,256GB,tmobile,good,$180.02,$285.00
IPHONE 12 PRO,256GB,tmobile,fair,$132.00,$285.00
IPHONE 12 PRO,256GB,tmobile,damaged,$92.00,$285.00
IPHONE 12 PRO,256GB,unlocked,flawless,$180.02,$285.00
IPHONE 12 PRO,256GB,unlocked,good,$180.02,$285.00
IPHONE 12 PRO,256GB,unlocked,fair,$162.00,$285.00
IPHONE 12 PRO,256GB,unlocked,damaged,$96.00,$285.00
IPHONE 12 PRO,512GB,att,flawless,$209.46,$325.00
IPHONE 12 PRO,512GB,att,good,$209.46,$325.00
IPHONE 12 PRO,512GB,att,fair,$162.00,$325.00
IPHONE 12 PRO,512GB,att,damaged,$92.00,$325.00
IPHONE 12 PRO,512GB,verizon,flawless,$209.46,$325.00
IPHONE 12 PRO,512GB,verizon,good,$210.00,$325.00
IPHONE 12 PRO,512GB,verizon,fair,$152.00,$325.00
IPHONE 12 PRO,512GB,verizon,damaged,$92.00,$325.00
IPHONE 12 PRO,512GB,tmobile,flawless,$209.46,$325.00
IPHONE 12 PRO,512GB,tmobile,good,$203.00,$325.00
IPHONE 12 PRO,512GB,tmobile,fair,$132.00,$325.00
IPHONE 12 PRO,512GB,tmobile,damaged,$92.00,$325.00
IPHONE 12 PRO,512GB,unlocked,flawless,$209.46,$325.00
IPHONE 12 PRO,512GB,unlocked,good,$209.46,$325.00
IPHONE 12 PRO,512GB,unlocked,fair,$162.00,$325.00
IPHONE 12 PRO,512GB,unlocked,damaged,$115.00,$325.00
IPHONE 12 PRO MAX,128GB,att,flawless,$209.46,$325.00
IPHONE 12 PRO MAX,128GB,att,good,$210.00,$325.00
IPHONE 12 PRO MAX,128GB,att,fair,$133.00,$325.00
IPHONE 12 PRO MAX,128GB,att,damaged,$112.00,$325.00
IPHONE 12 PRO MAX,128GB,verizon,flawless,$209.46,$325.00
IPHONE 12 PRO MAX,128GB,verizon,good,$209.46,$325.00
IPHONE 12 PRO MAX,128GB,verizon,fair,$149.00,$325.00
IPHONE 12 PRO MAX,128GB,verizon,damaged,$112.00,$325.00
IPHONE 12 PRO MAX,128GB,tmobile,flawless,$209.46,$325.00
IPHONE 12 PRO MAX,128GB,tmobile,good,$206.00,$325.00
IPHONE 12 PRO MAX,128GB,tmobile,fair,$133.00,$325.00
IPHONE 12 PRO MAX,128GB,tmobile,damaged,$112.00,$325.00
IPHONE 12 PRO MAX,128GB,unlocked,flawless,$209.46,$325.00
IPHONE 12 PRO MAX,128GB,unlocked,good,$209.46,$325.00
IPHONE 12 PRO MAX,128GB,unlocked,fair,$167.00,$325.00
IPHONE 12 PRO MAX,128GB,unlocked,damaged,$112.00,$325.00
IPHONE 12 PRO MAX,256GB,att,flawless,$231.54,$355.00
IPHONE 12 PRO MAX,256GB,att,good,$231.00,$355.00
IPHONE 12 PRO MAX,256GB,att,fair,$148.00,$355.00
IPHONE 12 PRO MAX,256GB,att,damaged,$112.00,$355.00
IPHONE 12 PRO MAX,256GB,verizon,flawless,$231.54,$355.00
IPHONE 12 PRO MAX,256GB,verizon,good,$231.54,$355.00
IPHONE 12 PRO MAX,256GB,verizon,fair,$167.00,$355.00
IPHONE 12 PRO MAX,256GB,verizon,damaged,$112.00,$355.00
IPHONE 12 PRO MAX,256GB,tmobile,flawless,$231.54,$355.00
IPHONE 12 PRO MAX,256GB,tmobile,good,$231.00,$355.00
IPHONE 12 PRO MAX,256GB,tmobile,fair,$148.00,$355.00
IPHONE 12 PRO MAX,256GB,tmobile,damaged,$112.00,$355.00
IPHONE 12 PRO MAX,256GB,unlocked,flawless,$231.54,$355.00
IPHONE 12 PRO MAX,256GB,unlocked,good,$231.54,$355.00
IPHONE 12 PRO MAX,256GB,unlocked,fair,$187.00,$355.00
IPHONE 12 PRO MAX,256GB,unlocked,damaged,$125.00,$355.00
IPHONE 12 PRO MAX,512GB,att,flawless,$238.90,$365.00
IPHONE 12 PRO MAX,512GB,att,good,$238.90,$365.00
IPHONE 12 PRO MAX,512GB,att,fair,$162.00,$365.00
IPHONE 12 PRO MAX,512GB,att,damaged,$112.00,$365.00
IPHONE 12 PRO MAX,512GB,verizon,flawless,$238.90,$365.00
IPHONE 12 PRO MAX,512GB,verizon,good,$238.90,$365.00
IPHONE 12 PRO MAX,512GB,verizon,fair,$182.00,$365.00
IPHONE 12 PRO MAX,512GB,verizon,damaged,$112.00,$365.00
IPHONE 12 PRO MAX,512GB,tmobile,flawless,$238.90,$365.00
IPHONE 12 PRO MAX,512GB,tmobile,good,$238.90,$365.00
IPHONE 12 PRO MAX,512GB,tmobile,fair,$162.00,$365.00
IPHONE 12 PRO MAX,512GB,tmobile,damaged,$112.00,$365.00
IPHONE 12 PRO MAX,512GB,unlocked,flawless,$238.90,$365.00
IPHONE 12 PRO MAX,512GB,unlocked,good,$238.90,$365.00
IPHONE 12 PRO MAX,512GB,unlocked,fair,$202.00,$365.00
IPHONE 12 PRO MAX,512GB,unlocked,damaged,$145.00,$365.00
IPHONE 13,128GB,att,flawless,$180.02,$285.00
IPHONE 13,128GB,att,good,$180.02,$285.00
IPHONE 13,128GB,att,fair,$122.00,$285.00
IPHONE 13,128GB,att,damaged,$63.00,$285.00
IPHONE 13,128GB,verizon,flawless,$180.02,$285.00
IPHONE 13,128GB,verizon,good,$181.00,$285.00
IPHONE 13,128GB,verizon,fair,$119.00,$285.00
IPHONE 13,128GB,verizon,damaged,$62.00,$285.00
IPHONE 13,128GB,tmobile,flawless,$180.02,$285.00
IPHONE 13,128GB,tmobile,good,$180.00,$285.00
IPHONE 13,128GB,tmobile,fair,$119.00,$285.00
IPHONE 13,128GB,tmobile,damaged,$61.00,$285.00
IPHONE 13,128GB,unlocked,flawless,$180.02,$285.00
IPHONE 13,128GB,unlocked,good,$180.02,$285.00
IPHONE 13,128GB,unlocked,fair,$126.00,$285.00
IPHONE 13,128GB,unlocked,damaged,$76.00,$285.00
IPHONE 13,256GB,att,flawless,$198.42,$310.00
IPHONE 13,256GB,att,good,$198.42,$310.00
IPHONE 13,256GB,att,fair,$134.00,$310.00
IPHONE 13,256GB,att,damaged,$69.00,$310.00
IPHONE 13,256GB,verizon,flawless,$198.42,$310.00
IPHONE 13,256GB,verizon,good,$189.00,$310.00
IPHONE 13,256GB,verizon,fair,$124.00,$310.00
IPHONE 13,256GB,verizon,damaged,$66.00,$310.00
IPHONE 13,256GB,tmobile,flawless,$198.42,$310.00
IPHONE 13,256GB,tmobile,good,$198.42,$310.00
IPHONE 13,256GB,tmobile,fair,$124.00,$310.00
IPHONE 13,256GB,tmobile,damaged,$66.00,$310.00
IPHONE 13,256GB,unlocked,flawless,$198.42,$310.00
IPHONE 13,256GB,unlocked,good,$198.42,$310.00
IPHONE 13,256GB,unlocked,fair,$151.00,$310.00
IPHONE 13,256GB,unlocked,damaged,$103.00,$310.00
IPHONE 13,512GB,att,flawless,$235.22,$360.00
IPHONE 13,512GB,att,good,$203.00,$360.00
IPHONE 13,512GB,att,fair,$148.00,$360.00
IPHONE 13,512GB,att,damaged,$86.00,$360.00
IPHONE 13,512GB,verizon,flawless,$235.22,$360.00
IPHONE 13,512GB,verizon,good,$226.00,$360.00
IPHONE 13,512GB,verizon,fair,$148.00,$360.00
IPHONE 13,512GB,verizon,damaged,$86.00,$360.00
IPHONE 13,512GB,tmobile,flawless,$235.22,$360.00
IPHONE 13,512GB,tmobile,good,$222.00,$360.00
IPHONE 13,512GB,tmobile,fair,$148.00,$360.00
IPHONE 13,512GB,tmobile,damaged,$86.00,$360.00
IPHONE 13,512GB,unlocked,flawless,$235.22,$360.00
IPHONE 13,512GB,unlocked,good,$235.22,$360.00
IPHONE 13,512GB,unlocked,fair,$166.00,$360.00
IPHONE 13,512GB,unlocked,damaged,$133.00,$360.00
IPHONE 13 MINI,128GB,att,flawless,$143.22,$235.00
IPHONE 13 MINI,128GB,att,good,$136.00,$235.00
IPHONE 13 MINI,128GB,att,fair,$83.00,$235.00
IPHONE 13 MINI,128GB,att,damaged,$48.00,$235.00
IPHONE 13 MINI,128GB,verizon,flawless,$138.00,$235.00
IPHONE 13 MINI,128GB,verizon,good,$110.00,$235.00
IPHONE 13 MINI,128GB,verizon,fair,$76.00,$235.00
IPHONE 13 MINI,128GB,verizon,damaged,$44.00,$235.00
IPHONE 13 MINI,128GB,tmobile,flawless,$143.22,$235.00
IPHONE 13 MINI,128GB,tmobile,good,$136.00,$235.00
IPHONE 13 MINI,128GB,tmobile,fair,$83.00,$235.00
IPHONE 13 MINI,128GB,tmobile,damaged,$57.00,$235.00
IPHONE 13 MINI,128GB,unlocked,flawless,$143.22,$235.00
IPHONE 13 MINI,128GB,unlocked,good,$143.22,$235.00
IPHONE 13 MINI,128GB,unlocked,fair,$107.00,$235.00
IPHONE 13 MINI,128GB,unlocked,damaged,$59.00,$235.00
IPHONE 13 MINI,256GB,att,flawless,$180.02,$285.00
IPHONE 13 MINI,256GB,att,good,$168.00,$285.00
IPHONE 13 MINI,256GB,att,fair,$107.00,$285.00
IPHONE 13 MINI,256GB,att,damaged,$53.00,$285.00
IPHONE 13 MINI,256GB,verizon,flawless,$181.00,$285.00
IPHONE 13 MINI,256GB,verizon,good,$152.00,$285.00
IPHONE 13 MINI,256GB,verizon,fair,$107.00,$285.00
IPHONE 13 MINI,256GB,verizon,damaged,$48.00,$285.00
IPHONE 13 MINI,256GB,tmobile,flawless,$180.02,$285.00
IPHONE 13 MINI,256GB,tmobile,good,$168.00,$285.00
IPHONE 13 MINI,256GB,tmobile,fair,$103.00,$285.00
IPHONE 13 MINI,256GB,tmobile,damaged,$77.00,$285.00
IPHONE 13 MINI,256GB,unlocked,flawless,$180.02,$285.00
IPHONE 13 MINI,256GB,unlocked,good,$180.02,$285.00
IPHONE 13 MINI,256GB,unlocked,fair,$147.00,$285.00
IPHONE 13 MINI,256GB,unlocked,damaged,$77.00,$285.00
IPHONE 13 MINI,512GB,att,flawless,$216.00,$365.00
IPHONE 13 MINI,512GB,att,good,$189.00,$365.00
IPHONE 13 MINI,512GB,att,fair,$122.00,$365.00
IPHONE 13 MINI,512GB,att,damaged,$62.00,$365.00
IPHONE 13 MINI,512GB,verizon,flawless,$197.00,$365.00
IPHONE 13 MINI,512GB,verizon,good,$161.00,$365.00
IPHONE 13 MINI,512GB,verizon,fair,$122.00,$365.00
IPHONE 13 MINI,512GB,verizon,damaged,$62.00,$365.00
IPHONE 13 MINI,512GB,tmobile,flawless,$216.00,$365.00
IPHONE 13 MINI,512GB,tmobile,good,$189.00,$365.00
IPHONE 13 MINI,512GB,tmobile,fair,$115.00,$365.00
IPHONE 13 MINI,512GB,tmobile,damaged,$97.00,$365.00
IPHONE 13 MINI,512GB,unlocked,flawless,$238.90,$365.00
IPHONE 13 MINI,512GB,unlocked,good,$221.00,$365.00
IPHONE 13 MINI,512GB,unlocked,fair,$162.00,$365.00
IPHONE 13 MINI,512GB,unlocked,damaged,$77.00,$365.00
IPHONE 13 PRO,128GB,att,flawless,$238.90,$365.00
IPHONE 13 PRO,128GB,att,good,$238.90,$365.00
IPHONE 13 PRO,128GB,att,fair,$161.00,$365.00
IPHONE 13 PRO,128GB,att,damaged,$132.00,$365.00
IPHONE 13 PRO,128GB,verizon,flawless,$238.90,$365.00
IPHONE 13 PRO,128GB,verizon,good,$238.90,$365.00
IPHONE 13 PRO,128GB,verizon,fair,$161.00,$365.00
IPHONE 13 PRO,128GB,verizon,damaged,$132.00,$365.00
IPHONE 13 PRO,128GB,tmobile,flawless,$238.90,$365.00
IPHONE 13 PRO,128GB,tmobile,good,$238.90,$365.00
IPHONE 13 PRO,128GB,tmobile,fair,$157.00,$365.00
IPHONE 13 PRO,128GB,tmobile,damaged,$132.00,$365.00
IPHONE 13 PRO,128GB,unlocked,flawless,$238.90,$365.00
IPHONE 13 PRO,128GB,unlocked,good,$238.90,$365.00
IPHONE 13 PRO,128GB,unlocked,fair,$170.00,$365.00
IPHONE 13 PRO,128GB,unlocked,damaged,$132.00,$365.00
IPHONE 13 PRO,256GB,att,flawless,$249.94,$380.00
IPHONE 13 PRO,256GB,att,good,$249.94,$380.00
IPHONE 13 PRO,256GB,att,fair,$180.00,$380.00
IPHONE 13 PRO,256GB,att,damaged,$132.00,$380.00
IPHONE 13 PRO,256GB,verizon,flawless,$249.94,$380.00
IPHONE 13 PRO,256GB,verizon,good,$249.94,$380.00
IPHONE 13 PRO,256GB,verizon,fair,$180.00,$380.00
IPHONE 13 PRO,256GB,verizon,damaged,$132.00,$380.00
IPHONE 13 PRO,256GB,tmobile,flawless,$249.94,$380.00
IPHONE 13 PRO,256GB,tmobile,good,$249.94,$380.00
IPHONE 13 PRO,256GB,tmobile,fair,$180.00,$380.00
IPHONE 13 PRO,256GB,tmobile,damaged,$132.00,$380.00
IPHONE 13 PRO,256GB,unlocked,flawless,$249.94,$380.00
IPHONE 13 PRO,256GB,unlocked,good,$249.94,$380.00
IPHONE 13 PRO,256GB,unlocked,fair,$192.00,$380.00
IPHONE 13 PRO,256GB,unlocked,damaged,$142.00,$380.00
IPHONE 13 PRO,512GB,att,flawless,$305.88,$453.00
IPHONE 13 PRO,512GB,att,good,$305.88,$453.00
IPHONE 13 PRO,512GB,att,fair,$193.00,$453.00
IPHONE 13 PRO,512GB,att,damaged,$132.00,$453.00
IPHONE 13 PRO,512GB,verizon,flawless,$305.88,$453.00
IPHONE 13 PRO,512GB,verizon,good,$305.88,$453.00
IPHONE 13 PRO,512GB,verizon,fair,$193.00,$453.00
IPHONE 13 PRO,512GB,verizon,damaged,$132.00,$453.00
IPHONE 13 PRO,512GB,tmobile,flawless,$305.88,$453.00
IPHONE 13 PRO,512GB,tmobile,good,$305.88,$453.00
IPHONE 13 PRO,512GB,tmobile,fair,$193.00,$453.00
IPHONE 13 PRO,512GB,tmobile,damaged,$132.00,$453.00
IPHONE 13 PRO,512GB,unlocked,flawless,$305.88,$453.00
IPHONE 13 PRO,512GB,unlocked,good,$305.88,$453.00
IPHONE 13 PRO,512GB,unlocked,fair,$216.00,$453.00
IPHONE 13 PRO,512GB,unlocked,damaged,$172.00,$453.00
IPHONE 13 PRO,1TB,att,flawless,$110.10,$190.00
IPHONE 13 PRO,1TB,att,good,$110.10,$190.00
IPHONE 13 PRO,1TB,att,fair,$92.71,$190.00
IPHONE 13 PRO,1TB,att,damaged,$75.32,$190.00
IPHONE 13 PRO,1TB,verizon,flawless,$110.10,$190.00
IPHONE 13 PRO,1TB,verizon,good,$110.10,$190.00
IPHONE 13 PRO,1TB,verizon,fair,$92.71,$190.00
IPHONE 13 PRO,1TB,verizon,damaged,$75.32,$190.00
IPHONE 13 PRO,1TB,tmobile,flawless,$110.10,$190.00
IPHONE 13 PRO,1TB,tmobile,good,$110.10,$190.00
IPHONE 13 PRO,1TB,tmobile,fair,$92.71,$190.00
IPHONE 13 PRO,1TB,tmobile,damaged,$75.32,$190.00
IPHONE 13 PRO,1TB,unlocked,flawless,$335.48,$490.00
IPHONE 13 PRO,1TB,unlocked,good,$335.48,$490.00
IPHONE 13 PRO,1TB,unlocked,fair,$227.00,$490.00
IPHONE 13 PRO,1TB,unlocked,damaged,$192.00,$490.00
IPHONE 13 PRO MAX,128GB,att,flawless,$268.34,$405.00
IPHONE 13 PRO MAX,128GB,att,good,$268.34,$405.00
IPHONE 13 PRO MAX,128GB,att,fair,$207.00,$405.00
IPHONE 13 PRO MAX,128GB,att,damaged,$127.00,$405.00
IPHONE 13 PRO MAX,128GB,verizon,flawless,$266.00,$405.00
IPHONE 13 PRO MAX,128GB,verizon,good,$242.00,$405.00
IPHONE 13 PRO MAX,128GB,verizon,fair,$167.00,$405.00
IPHONE 13 PRO MAX,128GB,verizon,damaged,$137.00,$405.00
IPHONE 13 PRO MAX,128GB,tmobile,flawless,$265.00,$405.00
IPHONE 13 PRO MAX,128GB,tmobile,good,$236.00,$405.00
IPHONE 13 PRO MAX,128GB,tmobile,fair,$143.00,$405.00
IPHONE 13 PRO MAX,128GB,tmobile,damaged,$102.00,$405.00
IPHONE 13 PRO MAX,128GB,unlocked,flawless,$268.34,$405.00
IPHONE 13 PRO MAX,128GB,unlocked,good,$268.34,$405.00
IPHONE 13 PRO MAX,128GB,unlocked,fair,$207.00,$405.00
IPHONE 13 PRO MAX,128GB,unlocked,damaged,$172.00,$405.00
IPHONE 13 PRO MAX,256GB,att,flawless,$299.48,$445.00
IPHONE 13 PRO MAX,256GB,att,good,$299.48,$445.00
IPHONE 13 PRO MAX,256GB,att,fair,$247.00,$445.00
IPHONE 13 PRO MAX,256GB,att,damaged,$143.00,$445.00
IPHONE 13 PRO MAX,256GB,verizon,flawless,$299.48,$445.00
IPHONE 13 PRO MAX,256GB,verizon,good,$299.48,$445.00
IPHONE 13 PRO MAX,256GB,verizon,fair,$199.00,$445.00
IPHONE 13 PRO MAX,256GB,verizon,damaged,$127.00,$445.00
IPHONE 13 PRO MAX,256GB,tmobile,flawless,$299.48,$445.00
IPHONE 13 PRO MAX,256GB,tmobile,good,$279.00,$445.00
IPHONE 13 PRO MAX,256GB,tmobile,fair,$172.00,$445.00
IPHONE 13 PRO MAX,256GB,tmobile,damaged,$117.00,$445.00
IPHONE 13 PRO MAX,256GB,unlocked,flawless,$299.48,$445.00
IPHONE 13 PRO MAX,256GB,unlocked,good,$299.48,$445.00
IPHONE 13 PRO MAX,256GB,unlocked,fair,$247.00,$445.00
IPHONE 13 PRO MAX,256GB,unlocked,damaged,$192.00,$445.00
IPHONE 13 PRO MAX,512GB,att,flawless,$335.48,$490.00
IPHONE 13 PRO MAX,512GB,att,good,$335.48,$490.00
IPHONE 13 PRO MAX,512GB,att,fair,$257.00,$490.00
IPHONE 13 PRO MAX,512GB,att,damaged,$182.00,$490.00
IPHONE 13 PRO MAX,512GB,verizon,flawless,$335.48,$490.00
IPHONE 13 PRO MAX,512GB,verizon,good,$313.00,$490.00
IPHONE 13 PRO MAX,512GB,verizon,fair,$211.00,$490.00
IPHONE 13 PRO MAX,512GB,verizon,damaged,$187.00,$490.00
IPHONE 13 PRO MAX,512GB,tmobile,flawless,$318.00,$490.00
IPHONE 13 PRO MAX,512GB,tmobile,good,$290.00,$490.00
IPHONE 13 PRO MAX,512GB,tmobile,fair,$182.00,$490.00
IPHONE 13 PRO MAX,512GB,tmobile,damaged,$137.00,$490.00
IPHONE 13 PRO MAX,512GB,unlocked,flawless,$335.48,$490.00
IPHONE 13 PRO MAX,512GB,unlocked,good,$335.48,$490.00
IPHONE 13 PRO MAX,512GB,unlocked,fair,$257.00,$490.00
IPHONE 13 PRO MAX,512GB,unlocked,damaged,$232.00,$490.00
IPHONE 13 PRO MAX,1TB,att,flawless,$399.48,$570.00
IPHONE 13 PRO MAX,1TB,att,good,$391.00,$570.00
IPHONE 13 PRO MAX,1TB,att,fair,$282.00,$570.00
IPHONE 13 PRO MAX,1TB,att,damaged,$202.00,$570.00
IPHONE 13 PRO MAX,1TB,verizon,flawless,$354.00,$570.00
IPHONE 13 PRO MAX,1TB,verizon,good,$326.00,$570.00
IPHONE 13 PRO MAX,1TB,verizon,fair,$226.00,$570.00
IPHONE 13 PRO MAX,1TB,verizon,damaged,$187.00,$570.00
IPHONE 13 PRO MAX,1TB,tmobile,flawless,$344.00,$570.00
IPHONE 13 PRO MAX,1TB,tmobile,good,$316.00,$570.00
IPHONE 13 PRO MAX,1TB,tmobile,fair,$207.00,$570.00
IPHONE 13 PRO MAX,1TB,tmobile,damaged,$167.00,$570.00
IPHONE 13 PRO MAX,1TB,unlocked,flawless,$399.48,$570.00
IPHONE 13 PRO MAX,1TB,unlocked,good,$391.00,$570.00
IPHONE 13 PRO MAX,1TB,unlocked,fair,$282.00,$570.00
IPHONE 13 PRO MAX,1TB,unlocked,damaged,$252.00,$570.00
IPHONE 14,128GB,att,flawless,$194.00,$310.00
IPHONE 14,128GB,att,good,$161.00,$310.00
IPHONE 14,128GB,att,fair,$106.00,$310.00
IPHONE 14,128GB,att,damaged,$74.00,$310.00
IPHONE 14,128GB,verizon,flawless,$179.00,$310.00
IPHONE 14,128GB,verizon,good,$156.00,$310.00
IPHONE 14,128GB,verizon,fair,$120.00,$310.00
IPHONE 14,128GB,verizon,damaged,$74.00,$310.00
IPHONE 14,128GB,tmobile,flawless,$163.00,$310.00
IPHONE 14,128GB,tmobile,good,$133.00,$310.00
IPHONE 14,128GB,tmobile,fair,$102.00,$310.00
IPHONE 14,128GB,tmobile,damaged,$74.00,$310.00
IPHONE 14,128GB,unlocked,flawless,$198.42,$310.00
IPHONE 14,128GB,unlocked,good,$199.00,$310.00
IPHONE 14,128GB,unlocked,fair,$149.00,$310.00
IPHONE 14,128GB,unlocked,damaged,$89.00,$310.00
IPHONE 14,256GB,att,flawless,$214.00,$350.00
IPHONE 14,256GB,att,good,$184.00,$350.00
IPHONE 14,256GB,att,fair,$119.00,$350.00
IPHONE 14,256GB,att,damaged,$109.00,$350.00
IPHONE 14,256GB,verizon,flawless,$203.00,$350.00
IPHONE 14,256GB,verizon,good,$183.00,$350.00
IPHONE 14,256GB,verizon,fair,$126.00,$350.00
IPHONE 14,256GB,verizon,damaged,$109.00,$350.00
IPHONE 14,256GB,tmobile,flawless,$188.00,$350.00
IPHONE 14,256GB,tmobile,good,$156.00,$350.00
IPHONE 14,256GB,tmobile,fair,$109.00,$350.00
IPHONE 14,256GB,tmobile,damaged,$97.00,$350.00
IPHONE 14,256GB,unlocked,flawless,$227.86,$350.00
IPHONE 14,256GB,unlocked,good,$227.86,$350.00
IPHONE 14,256GB,unlocked,fair,$177.00,$350.00
IPHONE 14,256GB,unlocked,damaged,$114.00,$350.00
IPHONE 14,512GB,att,flawless,$255.83,$388.00
IPHONE 14,512GB,att,good,$251.00,$388.00
IPHONE 14,512GB,att,fair,$191.00,$388.00
IPHONE 14,512GB,att,damaged,$110.00,$388.00
IPHONE 14,512GB,verizon,flawless,$255.83,$388.00
IPHONE 14,512GB,verizon,good,$236.00,$388.00
IPHONE 14,512GB,verizon,fair,$177.00,$388.00
IPHONE 14,512GB,verizon,damaged,$114.00,$388.00
IPHONE 14,512GB,tmobile,flawless,$231.00,$388.00
IPHONE 14,512GB,tmobile,good,$211.00,$388.00
IPHONE 14,512GB,tmobile,fair,$157.00,$388.00
IPHONE 14,512GB,tmobile,damaged,$97.00,$388.00
IPHONE 14,512GB,unlocked,flawless,$255.83,$388.00
IPHONE 14,512GB,unlocked,good,$255.83,$388.00
IPHONE 14,512GB,unlocked,fair,$231.00,$388.00
IPHONE 14,512GB,unlocked,damaged,$115.00,$388.00
IPHONE 14 PLUS,128GB,att,flawless,$213.14,$330.00
IPHONE 14 PLUS,128GB,att,good,$195.00,$330.00
IPHONE 14 PLUS,128GB,att,fair,$147.00,$330.00
IPHONE 14 PLUS,128GB,att,damaged,$122.00,$330.00
IPHONE 14 PLUS,128GB,verizon,flawless,$213.14,$330.00
IPHONE 14 PLUS,128GB,verizon,good,$211.00,$330.00
IPHONE 14 PLUS,128GB,verizon,fair,$152.00,$330.00
IPHONE 14 PLUS,128GB,verizon,damaged,$127.00,$330.00
IPHONE 14 PLUS,128GB,tmobile,flawless,$207.00,$330.00
IPHONE 14 PLUS,128GB,tmobile,good,$173.00,$330.00
IPHONE 14 PLUS,128GB,tmobile,fair,$127.00,$330.00
IPHONE 14 PLUS,128GB,tmobile,damaged,$103.00,$330.00
IPHONE 14 PLUS,128GB,unlocked,flawless,$213.14,$330.00
IPHONE 14 PLUS,128GB,unlocked,good,$213.14,$330.00
IPHONE 14 PLUS,128GB,unlocked,fair,$187.00,$330.00
IPHONE 14 PLUS,128GB,unlocked,damaged,$128.00,$330.00
IPHONE 14 PLUS,256GB,att,flawless,$238.90,$365.00
IPHONE 14 PLUS,256GB,att,good,$227.00,$365.00
IPHONE 14 PLUS,256GB,att,fair,$177.00,$365.00
IPHONE 14 PLUS,256GB,att,damaged,$133.00,$365.00
IPHONE 14 PLUS,256GB,verizon,flawless,$238.90,$365.00
IPHONE 14 PLUS,256GB,verizon,good,$238.90,$365.00
IPHONE 14 PLUS,256GB,verizon,fair,$162.00,$365.00
IPHONE 14 PLUS,256GB,verizon,damaged,$138.00,$365.00
IPHONE 14 PLUS,256GB,tmobile,flawless,$239.00,$365.00
IPHONE 14 PLUS,256GB,tmobile,good,$205.00,$365.00
IPHONE 14 PLUS,256GB,tmobile,fair,$147.00,$365.00
IPHONE 14 PLUS,256GB,tmobile,damaged,$113.00,$365.00
IPHONE 14 PLUS,256GB,unlocked,flawless,$238.90,$365.00
IPHONE 14 PLUS,256GB,unlocked,good,$238.90,$365.00
IPHONE 14 PLUS,256GB,unlocked,fair,$212.00,$365.00
IPHONE 14 PLUS,256GB,unlocked,damaged,$138.00,$365.00
IPHONE 14 PLUS,512GB,att,flawless,$268.34,$405.00
IPHONE 14 PLUS,512GB,att,good,$268.34,$405.00
IPHONE 14 PLUS,512GB,att,fair,$212.00,$405.00
IPHONE 14 PLUS,512GB,att,damaged,$143.00,$405.00
IPHONE 14 PLUS,512GB,verizon,flawless,$268.34,$405.00
IPHONE 14 PLUS,512GB,verizon,good,$268.34,$405.00
IPHONE 14 PLUS,512GB,verizon,fair,$187.00,$405.00
IPHONE 14 PLUS,512GB,verizon,damaged,$148.00,$405.00
IPHONE 14 PLUS,512GB,tmobile,flawless,$268.34,$405.00
IPHONE 14 PLUS,512GB,tmobile,good,$268.34,$405.00
IPHONE 14 PLUS,512GB,tmobile,fair,$182.00,$405.00
IPHONE 14 PLUS,512GB,tmobile,damaged,$123.00,$405.00
IPHONE 14 PLUS,512GB,unlocked,flawless,$268.34,$405.00
IPHONE 14 PLUS,512GB,unlocked,good,$268.34,$405.00
IPHONE 14 PLUS,512GB,unlocked,fair,$232.00,$405.00
IPHONE 14 PLUS,512GB,unlocked,damaged,$148.00,$405.00
IPHONE 14 PRO,128GB,att,flawless,$279.48,$420.00
IPHONE 14 PRO,128GB,att,good,$279.48,$420.00
IPHONE 14 PRO,128GB,att,fair,$170.00,$420.00
IPHONE 14 PRO,128GB,att,damaged,$139.00,$420.00
IPHONE 14 PRO,128GB,verizon,flawless,$279.48,$420.00
IPHONE 14 PRO,128GB,verizon,good,$277.00,$420.00
IPHONE 14 PRO,128GB,verizon,fair,$178.00,$420.00
IPHONE 14 PRO,128GB,verizon,damaged,$148.00,$420.00
IPHONE 14 PRO,128GB,tmobile,flawless,$273.00,$420.00
IPHONE 14 PRO,128GB,tmobile,good,$256.00,$420.00
IPHONE 14 PRO,128GB,tmobile,fair,$155.00,$420.00
IPHONE 14 PRO,128GB,tmobile,damaged,$132.00,$420.00
IPHONE 14 PRO,128GB,unlocked,flawless,$279.48,$420.00
IPHONE 14 PRO,128GB,unlocked,good,$279.48,$420.00
IPHONE 14 PRO,128GB,unlocked,fair,$227.00,$420.00
IPHONE 14 PRO,128GB,unlocked,damaged,$173.00,$420.00
IPHONE 14 PRO,256GB,att,flawless,$299.48,$445.00
IPHONE 14 PRO,256GB,att,good,$299.48,$445.00
IPHONE 14 PRO,256GB,att,fair,$196.00,$445.00
IPHONE 14 PRO,256GB,att,damaged,$145.00,$445.00
IPHONE 14 PRO,256GB,verizon,flawless,$299.48,$445.00
IPHONE 14 PRO,256GB,verizon,good,$299.48,$445.00
IPHONE 14 PRO,256GB,verizon,fair,$201.00,$445.00
IPHONE 14 PRO,256GB,verizon,damaged,$158.00,$445.00
IPHONE 14 PRO,256GB,tmobile,flawless,$299.48,$445.00
IPHONE 14 PRO,256GB,tmobile,good,$293.00,$445.00
IPHONE 14 PRO,256GB,tmobile,fair,$177.00,$445.00
IPHONE 14 PRO,256GB,tmobile,damaged,$147.00,$445.00
IPHONE 14 PRO,256GB,unlocked,flawless,$299.48,$445.00
IPHONE 14 PRO,256GB,unlocked,good,$299.48,$445.00
IPHONE 14 PRO,256GB,unlocked,fair,$257.00,$445.00
IPHONE 14 PRO,256GB,unlocked,damaged,$194.00,$445.00
IPHONE 14 PRO,512GB,att,flawless,$323.48,$475.00
IPHONE 14 PRO,512GB,att,good,$323.48,$475.00
IPHONE 14 PRO,512GB,att,fair,$209.00,$475.00
IPHONE 14 PRO,512GB,att,damaged,$152.00,$475.00
IPHONE 14 PRO,512GB,verizon,flawless,$323.48,$475.00
IPHONE 14 PRO,512GB,verizon,good,$323.48,$475.00
IPHONE 14 PRO,512GB,verizon,fair,$216.00,$475.00
IPHONE 14 PRO,512GB,verizon,damaged,$173.00,$475.00
IPHONE 14 PRO,512GB,tmobile,flawless,$323.48,$475.00
IPHONE 14 PRO,512GB,tmobile,good,$322.00,$475.00
IPHONE 14 PRO,512GB,tmobile,fair,$217.00,$475.00
IPHONE 14 PRO,512GB,tmobile,damaged,$151.00,$475.00
IPHONE 14 PRO,512GB,unlocked,flawless,$323.48,$475.00
IPHONE 14 PRO,512GB,unlocked,good,$323.48,$475.00
IPHONE 14 PRO,512GB,unlocked,fair,$297.00,$475.00
IPHONE 14 PRO,512GB,unlocked,damaged,$234.00,$475.00
IPHONE 14 PRO,1TB,att,flawless,$367.48,$530.00
IPHONE 14 PRO,1TB,att,good,$364.00,$530.00
IPHONE 14 PRO,1TB,att,fair,$226.00,$530.00
IPHONE 14 PRO,1TB,att,damaged,$154.00,$530.00
IPHONE 14 PRO,1TB,verizon,flawless,$367.48,$530.00
IPHONE 14 PRO,1TB,verizon,good,$364.00,$530.00
IPHONE 14 PRO,1TB,verizon,fair,$232.00,$530.00
IPHONE 14 PRO,1TB,verizon,damaged,$176.00,$530.00
IPHONE 14 PRO,1TB,tmobile,flawless,$367.48,$530.00
IPHONE 14 PRO,1TB,tmobile,good,$354.00,$530.00
IPHONE 14 PRO,1TB,tmobile,fair,$237.00,$530.00
IPHONE 14 PRO,1TB,tmobile,damaged,$163.00,$530.00
IPHONE 14 PRO,1TB,unlocked,flawless,$367.48,$530.00
IPHONE 14 PRO,1TB,unlocked,good,$367.48,$530.00
IPHONE 14 PRO,1TB,unlocked,fair,$316.00,$530.00
IPHONE 14 PRO,1TB,unlocked,damaged,$243.00,$530.00
IPHONE 14 PRO MAX,128GB,att,flawless,$327.00,$490.00
IPHONE 14 PRO MAX,128GB,att,good,$296.00,$490.00
IPHONE 14 PRO MAX,128GB,att,fair,$207.00,$490.00
IPHONE 14 PRO MAX,128GB,att,damaged,$173.00,$490.00
IPHONE 14 PRO MAX,128GB,verizon,flawless,$281.00,$490.00
IPHONE 14 PRO MAX,128GB,verizon,good,$255.00,$490.00
IPHONE 14 PRO MAX,128GB,verizon,fair,$187.00,$490.00
IPHONE 14 PRO MAX,128GB,verizon,damaged,$183.00,$490.00
IPHONE 14 PRO MAX,128GB,tmobile,flawless,$335.48,$490.00
IPHONE 14 PRO MAX,128GB,tmobile,good,$312.00,$490.00
IPHONE 14 PRO MAX,128GB,tmobile,fair,$222.00,$490.00
IPHONE 14 PRO MAX,128GB,tmobile,damaged,$173.00,$490.00
IPHONE 14 PRO MAX,128GB,unlocked,flawless,$335.48,$490.00
IPHONE 14 PRO MAX,128GB,unlocked,good,$335.48,$490.00
IPHONE 14 PRO MAX,128GB,unlocked,fair,$306.00,$490.00
IPHONE 14 PRO MAX,128GB,unlocked,damaged,$213.00,$490.00
IPHONE 14 PRO MAX,256GB,att,flawless,$343.48,$500.00
IPHONE 14 PRO MAX,256GB,att,good,$327.00,$500.00
IPHONE 14 PRO MAX,256GB,att,fair,$242.00,$500.00
IPHONE 14 PRO MAX,256GB,att,damaged,$193.00,$500.00
IPHONE 14 PRO MAX,256GB,verizon,flawless,$343.48,$500.00
IPHONE 14 PRO MAX,256GB,verizon,good,$290.00,$500.00
IPHONE 14 PRO MAX,256GB,verizon,fair,$202.00,$500.00
IPHONE 14 PRO MAX,256GB,verizon,damaged,$203.00,$500.00
IPHONE 14 PRO MAX,256GB,tmobile,flawless,$343.48,$500.00
IPHONE 14 PRO MAX,256GB,tmobile,good,$342.00,$500.00
IPHONE 14 PRO MAX,256GB,tmobile,fair,$257.00,$500.00
IPHONE 14 PRO MAX,256GB,tmobile,damaged,$193.00,$500.00
IPHONE 14 PRO MAX,256GB,unlocked,flawless,$343.48,$500.00
IPHONE 14 PRO MAX,256GB,unlocked,good,$343.48,$500.00
IPHONE 14 PRO MAX,256GB,unlocked,fair,$326.09,$500.00
IPHONE 14 PRO MAX,256GB,unlocked,damaged,$213.00,$500.00
IPHONE 14 PRO MAX,512GB,att,flawless,$377.00,$580.00
IPHONE 14 PRO MAX,512GB,att,good,$347.00,$580.00
IPHONE 14 PRO MAX,512GB,att,fair,$267.00,$580.00
IPHONE 14 PRO MAX,512GB,att,damaged,$213.00,$580.00
IPHONE 14 PRO MAX,512GB,verizon,flawless,$366.00,$580.00
IPHONE 14 PRO MAX,512GB,verizon,good,$320.00,$580.00
IPHONE 14 PRO MAX,512GB,verizon,fair,$224.00,$580.00
IPHONE 14 PRO MAX,512GB,verizon,damaged,$223.00,$580.00
IPHONE 14 PRO MAX,512GB,tmobile,flawless,$396.00,$580.00
IPHONE 14 PRO MAX,512GB,tmobile,good,$368.00,$580.00
IPHONE 14 PRO MAX,512GB,tmobile,fair,$272.00,$580.00
IPHONE 14 PRO MAX,512GB,tmobile,damaged,$213.00,$580.00
IPHONE 14 PRO MAX,512GB,unlocked,flawless,$407.48,$580.00
IPHONE 14 PRO MAX,512GB,unlocked,good,$407.48,$580.00
IPHONE 14 PRO MAX,512GB,unlocked,fair,$356.00,$580.00
IPHONE 14 PRO MAX,512GB,unlocked,damaged,$233.00,$580.00
IPHONE 14 PRO MAX,1TB,att,flawless,$407.48,$580.00
IPHONE 14 PRO MAX,1TB,att,good,$381.00,$580.00
IPHONE 14 PRO MAX,1TB,att,fair,$287.00,$580.00
IPHONE 14 PRO MAX,1TB,att,damaged,$213.00,$580.00
IPHONE 14 PRO MAX,1TB,verizon,flawless,$386.00,$580.00
IPHONE 14 PRO MAX,1TB,verizon,good,$340.00,$580.00
IPHONE 14 PRO MAX,1TB,verizon,fair,$252.00,$580.00
IPHONE 14 PRO MAX,1TB,verizon,damaged,$223.00,$580.00
IPHONE 14 PRO MAX,1TB,tmobile,flawless,$407.48,$580.00
IPHONE 14 PRO MAX,1TB,tmobile,good,$398.00,$580.00
IPHONE 14 PRO MAX,1TB,tmobile,fair,$302.00,$580.00
IPHONE 14 PRO MAX,1TB,tmobile,damaged,$213.00,$580.00
IPHONE 14 PRO MAX,1TB,unlocked,flawless,$407.48,$580.00
IPHONE 14 PRO MAX,1TB,unlocked,good,$407.48,$580.00
IPHONE 14 PRO MAX,1TB,unlocked,fair,$386.00,$580.00
IPHONE 14 PRO MAX,1TB,unlocked,damaged,$256.00,$580.00
IPHONE 15,128GB,att,flawless,$260.99,$440.00
IPHONE 15,128GB,att,good,$221.00,$440.00
IPHONE 15,128GB,att,fair,$167.00,$440.00
IPHONE 15,128GB,att,damaged,$138.00,$440.00
IPHONE 15,128GB,verizon,flawless,$282.00,$440.00
IPHONE 15,128GB,verizon,good,$236.00,$440.00
IPHONE 15,128GB,verizon,fair,$178.00,$440.00
IPHONE 15,128GB,verizon,damaged,$161.00,$440.00
IPHONE 15,128GB,tmobile,flawless,$251.00,$440.00
IPHONE 15,128GB,tmobile,good,$205.00,$440.00
IPHONE 15,128GB,tmobile,fair,$153.00,$440.00
IPHONE 15,128GB,tmobile,damaged,$126.00,$440.00
IPHONE 15,128GB,unlocked,flawless,$295.48,$440.00
IPHONE 15,128GB,unlocked,good,$295.48,$440.00
IPHONE 15,128GB,unlocked,fair,$266.00,$440.00
IPHONE 15,128GB,unlocked,damaged,$219.00,$440.00
IPHONE 15,256GB,att,flawless,$302.99,$500.00
IPHONE 15,256GB,att,good,$264.00,$500.00
IPHONE 15,256GB,att,fair,$207.00,$500.00
IPHONE 15,256GB,att,damaged,$163.00,$500.00
IPHONE 15,256GB,verizon,flawless,$324.00,$500.00
IPHONE 15,256GB,verizon,good,$271.00,$500.00
IPHONE 15,256GB,verizon,fair,$218.00,$500.00
IPHONE 15,256GB,verizon,damaged,$186.00,$500.00
IPHONE 15,256GB,tmobile,flawless,$274.00,$500.00
IPHONE 15,256GB,tmobile,good,$237.00,$500.00
IPHONE 15,256GB,tmobile,fair,$182.00,$500.00
IPHONE 15,256GB,tmobile,damaged,$136.00,$500.00
IPHONE 15,256GB,unlocked,flawless,$343.48,$500.00
IPHONE 15,256GB,unlocked,good,$343.48,$500.00
IPHONE 15,256GB,unlocked,fair,$306.00,$500.00
IPHONE 15,256GB,unlocked,damaged,$254.00,$500.00
IPHONE 15,512GB,att,flawless,$343.99,$590.00
IPHONE 15,512GB,att,good,$307.00,$590.00
IPHONE 15,512GB,att,fair,$247.00,$590.00
IPHONE 15,512GB,att,damaged,$173.00,$590.00
IPHONE 15,512GB,verizon,flawless,$365.00,$590.00
IPHONE 15,512GB,verizon,good,$314.00,$590.00
IPHONE 15,512GB,verizon,fair,$258.00,$590.00
IPHONE 15,512GB,verizon,damaged,$196.00,$590.00
IPHONE 15,512GB,tmobile,flawless,$319.00,$590.00
IPHONE 15,512GB,tmobile,good,$280.00,$590.00
IPHONE 15,512GB,tmobile,fair,$227.00,$590.00
IPHONE 15,512GB,tmobile,damaged,$146.00,$590.00
IPHONE 15,512GB,unlocked,flawless,$415.48,$590.00
IPHONE 15,512GB,unlocked,good,$407.00,$590.00
IPHONE 15,512GB,unlocked,fair,$346.00,$590.00
IPHONE 15,512GB,unlocked,damaged,$259.00,$590.00
IPHONE 15 PLUS,128GB,att,flawless,$276.99,$470.00
IPHONE 15 PLUS,128GB,att,good,$232.00,$470.00
IPHONE 15 PLUS,128GB,att,fair,$176.00,$470.00
IPHONE 15 PLUS,128GB,att,damaged,$174.00,$470.00
IPHONE 15 PLUS,128GB,verizon,flawless,$305.00,$470.00
IPHONE 15 PLUS,128GB,verizon,good,$259.00,$470.00
IPHONE 15 PLUS,128GB,verizon,fair,$189.00,$470.00
IPHONE 15 PLUS,128GB,verizon,damaged,$180.00,$470.00
IPHONE 15 PLUS,128GB,tmobile,flawless,$266.00,$470.00
IPHONE 15 PLUS,128GB,tmobile,good,$221.00,$470.00
IPHONE 15 PLUS,128GB,tmobile,fair,$168.00,$470.00
IPHONE 15 PLUS,128GB,tmobile,damaged,$157.00,$470.00
IPHONE 15 PLUS,128GB,unlocked,flawless,$319.48,$470.00
IPHONE 15 PLUS,128GB,unlocked,good,$319.48,$470.00
IPHONE 15 PLUS,128GB,unlocked,fair,$282.00,$470.00
IPHONE 15 PLUS,128GB,unlocked,damaged,$218.00,$470.00
IPHONE 15 PLUS,256GB,att,flawless,$310.99,$525.00
IPHONE 15 PLUS,256GB,att,good,$261.00,$525.00
IPHONE 15 PLUS,256GB,att,fair,$183.00,$525.00
IPHONE 15 PLUS,256GB,att,damaged,$183.00,$525.00
IPHONE 15 PLUS,256GB,verizon,flawless,$361.00,$525.00
IPHONE 15 PLUS,256GB,verizon,good,$291.00,$525.00
IPHONE 15 PLUS,256GB,verizon,fair,$214.00,$525.00
IPHONE 15 PLUS,256GB,verizon,damaged,$195.00,$525.00
IPHONE 15 PLUS,256GB,tmobile,flawless,$298.00,$525.00
IPHONE 15 PLUS,256GB,tmobile,good,$254.00,$525.00
IPHONE 15 PLUS,256GB,tmobile,fair,$172.00,$525.00
IPHONE 15 PLUS,256GB,tmobile,damaged,$157.00,$525.00
IPHONE 15 PLUS,256GB,unlocked,flawless,$363.48,$525.00
IPHONE 15 PLUS,256GB,unlocked,good,$363.48,$525.00
IPHONE 15 PLUS,256GB,unlocked,fair,$307.00,$525.00
IPHONE 15 PLUS,256GB,unlocked,damaged,$232.00,$525.00
IPHONE 15 PLUS,512GB,att,flawless,$408.99,$590.00
IPHONE 15 PLUS,512GB,att,good,$362.00,$590.00
IPHONE 15 PLUS,512GB,att,fair,$221.00,$590.00
IPHONE 15 PLUS,512GB,att,damaged,$203.00,$590.00
IPHONE 15 PLUS,512GB,verizon,flawless,$415.48,$590.00
IPHONE 15 PLUS,512GB,verizon,good,$370.00,$590.00
IPHONE 15 PLUS,512GB,verizon,fair,$259.00,$590.00
IPHONE 15 PLUS,512GB,verizon,damaged,$215.00,$590.00
IPHONE 15 PLUS,512GB,tmobile,flawless,$339.00,$590.00
IPHONE 15 PLUS,512GB,tmobile,good,$307.00,$590.00
IPHONE 15 PLUS,512GB,tmobile,fair,$202.00,$590.00
IPHONE 15 PLUS,512GB,tmobile,damaged,$177.00,$590.00
IPHONE 15 PLUS,512GB,unlocked,flawless,$415.48,$590.00
IPHONE 15 PLUS,512GB,unlocked,good,$415.48,$590.00
IPHONE 15 PLUS,512GB,unlocked,fair,$352.00,$590.00
IPHONE 15 PLUS,512GB,unlocked,damaged,$258.00,$590.00
IPHONE 15 PRO,128GB,att,flawless,$355.48,$515.00
IPHONE 15 PRO,128GB,att,good,$314.00,$515.00
IPHONE 15 PRO,128GB,att,fair,$207.00,$515.00
IPHONE 15 PRO,128GB,att,damaged,$208.00,$515.00
IPHONE 15 PRO,128GB,verizon,flawless,$355.48,$515.00
IPHONE 15 PRO,128GB,verizon,good,$355.48,$515.00
IPHONE 15 PRO,128GB,verizon,fair,$338.09,$515.00
IPHONE 15 PRO,128GB,verizon,damaged,$320.00,$515.00
IPHONE 15 PRO,128GB,tmobile,flawless,$355.48,$515.00
IPHONE 15 PRO,128GB,tmobile,good,$332.00,$515.00
IPHONE 15 PRO,128GB,tmobile,fair,$222.00,$515.00
IPHONE 15 PRO,128GB,tmobile,damaged,$158.00,$515.00
IPHONE 15 PRO,128GB,unlocked,flawless,$355.48,$515.00
IPHONE 15 PRO,128GB,unlocked,good,$355.48,$515.00
IPHONE 15 PRO,128GB,unlocked,fair,$332.00,$515.00
IPHONE 15 PRO,128GB,unlocked,damaged,$255.00,$515.00
IPHONE 15 PRO,256GB,att,flawless,$409.00,$612.00
IPHONE 15 PRO,256GB,att,good,$354.00,$612.00
IPHONE 15 PRO,256GB,att,fair,$236.00,$612.00
IPHONE 15 PRO,256GB,att,damaged,$247.00,$612.00
IPHONE 15 PRO,256GB,verizon,flawless,$428.00,$612.00
IPHONE 15 PRO,256GB,verizon,good,$379.00,$612.00
IPHONE 15 PRO,256GB,verizon,fair,$270.00,$612.00
IPHONE 15 PRO,256GB,verizon,damaged,$261.00,$612.00
IPHONE 15 PRO,256GB,tmobile,flawless,$417.00,$612.00
IPHONE 15 PRO,256GB,tmobile,good,$372.00,$612.00
IPHONE 15 PRO,256GB,tmobile,fair,$262.00,$612.00
IPHONE 15 PRO,256GB,tmobile,damaged,$183.00,$612.00
IPHONE 15 PRO,256GB,unlocked,flawless,$433.08,$612.00
IPHONE 15 PRO,256GB,unlocked,good,$433.08,$612.00
IPHONE 15 PRO,256GB,unlocked,fair,$372.00,$612.00
IPHONE 15 PRO,256GB,unlocked,damaged,$295.00,$612.00
IPHONE 15 PRO,512GB,att,flawless,$443.48,$625.00
IPHONE 15 PRO,512GB,att,good,$403.00,$625.00
IPHONE 15 PRO,512GB,att,fair,$276.00,$625.00
IPHONE 15 PRO,512GB,att,damaged,$287.00,$625.00
IPHONE 15 PRO,512GB,verizon,flawless,$440.00,$625.00
IPHONE 15 PRO,512GB,verizon,good,$387.00,$625.00
IPHONE 15 PRO,512GB,verizon,fair,$301.00,$625.00
IPHONE 15 PRO,512GB,verizon,damaged,$302.00,$625.00
IPHONE 15 PRO,512GB,tmobile,flawless,$443.48,$625.00
IPHONE 15 PRO,512GB,tmobile,good,$412.00,$625.00
IPHONE 15 PRO,512GB,tmobile,fair,$292.00,$625.00
IPHONE 15 PRO,512GB,tmobile,damaged,$212.00,$625.00
IPHONE 15 PRO,512GB,unlocked,flawless,$443.48,$625.00
IPHONE 15 PRO,512GB,unlocked,good,$443.48,$625.00
IPHONE 15 PRO,512GB,unlocked,fair,$402.00,$625.00
IPHONE 15 PRO,512GB,unlocked,damaged,$341.00,$625.00
IPHONE 15 PRO,1TB,att,flawless,$447.48,$630.00
IPHONE 15 PRO,1TB,att,good,$447.48,$630.00
IPHONE 15 PRO,1TB,att,fair,$302.00,$630.00
IPHONE 15 PRO,1TB,att,damaged,$303.00,$630.00
IPHONE 15 PRO,1TB,verizon,flawless,$447.48,$630.00
IPHONE 15 PRO,1TB,verizon,good,$436.00,$630.00
IPHONE 15 PRO,1TB,verizon,fair,$308.00,$630.00
IPHONE 15 PRO,1TB,verizon,damaged,$307.00,$630.00
IPHONE 15 PRO,1TB,tmobile,flawless,$447.48,$630.00
IPHONE 15 PRO,1TB,tmobile,good,$447.48,$630.00
IPHONE 15 PRO,1TB,tmobile,fair,$347.00,$630.00
IPHONE 15 PRO,1TB,tmobile,damaged,$242.00,$630.00
IPHONE 15 PRO,1TB,unlocked,flawless,$447.48,$630.00
IPHONE 15 PRO,1TB,unlocked,good,$447.48,$630.00
IPHONE 15 PRO,1TB,unlocked,fair,$430.09,$630.00
IPHONE 15 PRO,1TB,unlocked,damaged,$412.70,$630.00
IPHONE 15 PRO MAX,256GB,att,flawless,$430.99,$670.00
IPHONE 15 PRO MAX,256GB,att,good,$394.00,$670.00
IPHONE 15 PRO MAX,256GB,att,fair,$302.00,$670.00
IPHONE 15 PRO MAX,256GB,att,damaged,$252.00,$670.00
IPHONE 15 PRO MAX,256GB,verizon,flawless,$404.00,$670.00
IPHONE 15 PRO MAX,256GB,verizon,good,$359.00,$670.00
IPHONE 15 PRO MAX,256GB,verizon,fair,$299.00,$670.00
IPHONE 15 PRO MAX,256GB,verizon,damaged,$272.00,$670.00
IPHONE 15 PRO MAX,256GB,tmobile,flawless,$434.00,$670.00
IPHONE 15 PRO MAX,256GB,tmobile,good,$402.00,$670.00
IPHONE 15 PRO MAX,256GB,tmobile,fair,$317.00,$670.00
IPHONE 15 PRO MAX,256GB,tmobile,damaged,$243.00,$670.00
IPHONE 15 PRO MAX,256GB,unlocked,flawless,$479.48,$670.00
IPHONE 15 PRO MAX,256GB,unlocked,good,$479.48,$670.00
IPHONE 15 PRO MAX,256GB,unlocked,fair,$407.00,$670.00
IPHONE 15 PRO MAX,256GB,unlocked,damaged,$392.00,$670.00
IPHONE 15 PRO MAX,512GB,att,flawless,$460.99,$690.00
IPHONE 15 PRO MAX,512GB,att,good,$417.00,$690.00
IPHONE 15 PRO MAX,512GB,att,fair,$332.00,$690.00
IPHONE 15 PRO MAX,512GB,att,damaged,$282.00,$690.00
IPHONE 15 PRO MAX,512GB,verizon,flawless,$434.00,$690.00
IPHONE 15 PRO MAX,512GB,verizon,good,$401.00,$690.00
IPHONE 15 PRO MAX,512GB,verizon,fair,$322.00,$690.00
IPHONE 15 PRO MAX,512GB,verizon,damaged,$302.00,$690.00
IPHONE 15 PRO MAX,512GB,tmobile,flawless,$464.00,$690.00
IPHONE 15 PRO MAX,512GB,tmobile,good,$432.00,$690.00
IPHONE 15 PRO MAX,512GB,tmobile,fair,$347.00,$690.00
IPHONE 15 PRO MAX,512GB,tmobile,damaged,$273.00,$690.00
IPHONE 15 PRO MAX,512GB,unlocked,flawless,$495.48,$690.00
IPHONE 15 PRO MAX,512GB,unlocked,good,$495.48,$690.00
IPHONE 15 PRO MAX,512GB,unlocked,fair,$437.00,$690.00
IPHONE 15 PRO MAX,512GB,unlocked,damaged,$427.00,$690.00
IPHONE 15 PRO MAX,1TB,att,flawless,$495.48,$690.00
IPHONE 15 PRO MAX,1TB,att,good,$464.00,$690.00
IPHONE 15 PRO MAX,1TB,att,fair,$372.00,$690.00
IPHONE 15 PRO MAX,1TB,att,damaged,$312.00,$690.00
IPHONE 15 PRO MAX,1TB,verizon,flawless,$479.00,$690.00
IPHONE 15 PRO MAX,1TB,verizon,good,$457.00,$690.00
IPHONE 15 PRO MAX,1TB,verizon,fair,$356.00,$690.00
IPHONE 15 PRO MAX,1TB,verizon,damaged,$332.00,$690.00
IPHONE 15 PRO MAX,1TB,tmobile,flawless,$495.48,$690.00
IPHONE 15 PRO MAX,1TB,tmobile,good,$472.00,$690.00
IPHONE 15 PRO MAX,1TB,tmobile,fair,$387.00,$690.00
IPHONE 15 PRO MAX,1TB,tmobile,damaged,$303.00,$690.00
IPHONE 15 PRO MAX,1TB,unlocked,flawless,$495.48,$690.00
IPHONE 15 PRO MAX,1TB,unlocked,good,$495.48,$690.00
IPHONE 15 PRO MAX,1TB,unlocked,fair,$476.00,$690.00
IPHONE 15 PRO MAX,1TB,unlocked,damaged,$460.70,$690.00
IPHONE 16,128GB,att,flawless,$347.99,$570.00
IPHONE 16,128GB,att,good,$296.00,$570.00
IPHONE 16,128GB,att,fair,$237.00,$570.00
IPHONE 16,128GB,att,damaged,$153.00,$570.00
IPHONE 16,128GB,verizon,flawless,$350.50,$570.00
IPHONE 16,128GB,verizon,good,$306.00,$570.00
IPHONE 16,128GB,verizon,fair,$247.00,$570.00
IPHONE 16,128GB,verizon,damaged,$209.00,$570.00
IPHONE 16,128GB,tmobile,flawless,$346.00,$570.00
IPHONE 16,128GB,tmobile,good,$286.00,$570.00
IPHONE 16,128GB,tmobile,fair,$212.00,$570.00
IPHONE 16,128GB,tmobile,damaged,$141.00,$570.00
IPHONE 16,128GB,unlocked,flawless,$399.48,$570.00
IPHONE 16,128GB,unlocked,good,$399.48,$570.00
IPHONE 16,128GB,unlocked,fair,$337.00,$570.00
IPHONE 16,128GB,unlocked,damaged,$279.00,$570.00
IPHONE 16,256GB,att,flawless,$387.99,$650.00
IPHONE 16,256GB,att,good,$343.00,$650.00
IPHONE 16,256GB,att,fair,$267.00,$650.00
IPHONE 16,256GB,att,damaged,$193.00,$650.00
IPHONE 16,256GB,verizon,flawless,$408.00,$650.00
IPHONE 16,256GB,verizon,good,$353.00,$650.00
IPHONE 16,256GB,verizon,fair,$279.00,$650.00
IPHONE 16,256GB,verizon,damaged,$224.00,$650.00
IPHONE 16,256GB,tmobile,flawless,$371.00,$650.00
IPHONE 16,256GB,tmobile,good,$317.00,$650.00
IPHONE 16,256GB,tmobile,fair,$242.00,$650.00
IPHONE 16,256GB,tmobile,damaged,$190.00,$650.00
IPHONE 16,256GB,unlocked,flawless,$463.48,$650.00
IPHONE 16,256GB,unlocked,good,$442.00,$650.00
IPHONE 16,256GB,unlocked,fair,$367.00,$650.00
IPHONE 16,256GB,unlocked,damaged,$316.00,$650.00
IPHONE 16,512GB,att,flawless,$411.99,$775.00
IPHONE 16,512GB,att,good,$361.00,$775.00
IPHONE 16,512GB,att,fair,$297.00,$775.00
IPHONE 16,512GB,att,damaged,$243.00,$775.00
IPHONE 16,512GB,verizon,flawless,$428.00,$775.00
IPHONE 16,512GB,verizon,good,$371.00,$775.00
IPHONE 16,512GB,verizon,fair,$307.00,$775.00
IPHONE 16,512GB,verizon,damaged,$272.00,$775.00
IPHONE 16,512GB,tmobile,flawless,$411.00,$775.00
IPHONE 16,512GB,tmobile,good,$356.00,$775.00
IPHONE 16,512GB,tmobile,fair,$272.00,$775.00
IPHONE 16,512GB,tmobile,damaged,$230.00,$775.00
IPHONE 16,512GB,unlocked,flawless,$524.99,$775.00
IPHONE 16,512GB,unlocked,good,$472.00,$775.00
IPHONE 16,512GB,unlocked,fair,$397.00,$775.00
IPHONE 16,512GB,unlocked,damaged,$366.00,$775.00
IPHONE 16 PLUS,128GB,att,flawless,$372.99,$585.00
IPHONE 16 PLUS,128GB,att,good,$350.00,$585.00
IPHONE 16 PLUS,128GB,att,fair,$257.00,$585.00
IPHONE 16 PLUS,128GB,att,damaged,$218.00,$585.00
IPHONE 16 PLUS,128GB,verizon,flawless,$411.48,$585.00
IPHONE 16 PLUS,128GB,verizon,good,$388.00,$585.00
IPHONE 16 PLUS,128GB,verizon,fair,$315.00,$585.00
IPHONE 16 PLUS,128GB,verizon,damaged,$236.00,$585.00
IPHONE 16 PLUS,128GB,tmobile,flawless,$411.48,$585.00
IPHONE 16 PLUS,128GB,tmobile,good,$384.00,$585.00
IPHONE 16 PLUS,128GB,tmobile,fair,$257.00,$585.00
IPHONE 16 PLUS,128GB,tmobile,damaged,$183.00,$585.00
IPHONE 16 PLUS,128GB,unlocked,flawless,$411.48,$585.00
IPHONE 16 PLUS,128GB,unlocked,good,$411.48,$585.00
IPHONE 16 PLUS,128GB,unlocked,fair,$394.09,$585.00
IPHONE 16 PLUS,128GB,unlocked,damaged,$274.00,$585.00
IPHONE 16 PLUS,256GB,att,flawless,$411.99,$700.00
IPHONE 16 PLUS,256GB,att,good,$371.00,$700.00
IPHONE 16 PLUS,256GB,att,fair,$298.00,$700.00
IPHONE 16 PLUS,256GB,att,damaged,$258.00,$700.00
IPHONE 16 PLUS,256GB,verizon,flawless,$476.00,$700.00
IPHONE 16 PLUS,256GB,verizon,good,$427.00,$700.00
IPHONE 16 PLUS,256GB,verizon,fair,$355.00,$700.00
IPHONE 16 PLUS,256GB,verizon,damaged,$276.00,$700.00
IPHONE 16 PLUS,256GB,tmobile,flawless,$463.00,$700.00
IPHONE 16 PLUS,256GB,tmobile,good,$409.00,$700.00
IPHONE 16 PLUS,256GB,tmobile,fair,$297.00,$700.00
IPHONE 16 PLUS,256GB,tmobile,damaged,$223.00,$700.00
IPHONE 16 PLUS,256GB,unlocked,flawless,$503.48,$700.00
IPHONE 16 PLUS,256GB,unlocked,good,$503.48,$700.00
IPHONE 16 PLUS,256GB,unlocked,fair,$446.00,$700.00
IPHONE 16 PLUS,256GB,unlocked,damaged,$334.00,$700.00
IPHONE 16 PLUS,512GB,att,flawless,$462.99,$950.00
IPHONE 16 PLUS,512GB,att,good,$421.00,$950.00
IPHONE 16 PLUS,512GB,att,fair,$332.00,$950.00
IPHONE 16 PLUS,512GB,att,damaged,$303.00,$950.00
IPHONE 16 PLUS,512GB,verizon,flawless,$514.00,$950.00
IPHONE 16 PLUS,512GB,verizon,good,$463.00,$950.00
IPHONE 16 PLUS,512GB,verizon,fair,$389.00,$950.00
IPHONE 16 PLUS,512GB,verizon,damaged,$321.00,$950.00
IPHONE 16 PLUS,512GB,tmobile,flawless,$501.00,$950.00
IPHONE 16 PLUS,512GB,tmobile,good,$459.00,$950.00
IPHONE 16 PLUS,512GB,tmobile,fair,$332.00,$950.00
IPHONE 16 PLUS,512GB,tmobile,damaged,$268.00,$950.00
IPHONE 16 PLUS,512GB,unlocked,flawless,$608.99,$950.00
IPHONE 16 PLUS,512GB,unlocked,good,$578.00,$950.00
IPHONE 16 PLUS,512GB,unlocked,fair,$481.00,$950.00
IPHONE 16 PLUS,512GB,unlocked,damaged,$367.00,$950.00
IPHONE 16 PRO,128GB,att,flawless,$476.00,$670.00
IPHONE 16 PRO,128GB,att,good,$432.00,$670.00
IPHONE 16 PRO,128GB,att,fair,$357.00,$670.00
IPHONE 16 PRO,128GB,att,damaged,$253.00,$670.00
IPHONE 16 PRO,128GB,verizon,flawless,$479.48,$670.00
IPHONE 16 PRO,128GB,verizon,good,$479.48,$670.00
IPHONE 16 PRO,128GB,verizon,fair,$462.09,$670.00
IPHONE 16 PRO,128GB,verizon,damaged,$444.70,$670.00
IPHONE 16 PRO,128GB,tmobile,flawless,$479.48,$670.00
IPHONE 16 PRO,128GB,tmobile,good,$479.48,$670.00
IPHONE 16 PRO,128GB,tmobile,fair,$387.00,$670.00
IPHONE 16 PRO,128GB,tmobile,damaged,$223.00,$670.00
IPHONE 16 PRO,128GB,unlocked,flawless,$479.48,$670.00
IPHONE 16 PRO,128GB,unlocked,good,$479.48,$670.00
IPHONE 16 PRO,128GB,unlocked,fair,$456.00,$670.00
IPHONE 16 PRO,128GB,unlocked,damaged,$322.00,$670.00
IPHONE 16 PRO,256GB,att,flawless,$513.00,$730.00
IPHONE 16 PRO,256GB,att,good,$461.00,$730.00
IPHONE 16 PRO,256GB,att,fair,$406.00,$730.00
IPHONE 16 PRO,256GB,att,damaged,$322.00,$730.00
IPHONE 16 PRO,256GB,verizon,flawless,$527.48,$730.00
IPHONE 16 PRO,256GB,verizon,good,$517.00,$730.00
IPHONE 16 PRO,256GB,verizon,fair,$441.00,$730.00
IPHONE 16 PRO,256GB,verizon,damaged,$348.00,$730.00
IPHONE 16 PRO,256GB,tmobile,flawless,$527.48,$730.00
IPHONE 16 PRO,256GB,tmobile,good,$507.00,$730.00
IPHONE 16 PRO,256GB,tmobile,fair,$431.00,$730.00
IPHONE 16 PRO,256GB,tmobile,damaged,$292.00,$730.00
IPHONE 16 PRO,256GB,unlocked,flawless,$527.48,$730.00
IPHONE 16 PRO,256GB,unlocked,good,$527.48,$730.00
IPHONE 16 PRO,256GB,unlocked,fair,$506.00,$730.00
IPHONE 16 PRO,256GB,unlocked,damaged,$427.00,$730.00
IPHONE 16 PRO,512GB,att,flawless,$560.00,$815.00
IPHONE 16 PRO,512GB,att,good,$501.00,$815.00
IPHONE 16 PRO,512GB,att,fair,$446.00,$815.00
IPHONE 16 PRO,512GB,att,damaged,$387.00,$815.00
IPHONE 16 PRO,512GB,verizon,flawless,$590.00,$815.00
IPHONE 16 PRO,512GB,verizon,good,$547.00,$815.00
IPHONE 16 PRO,512GB,verizon,fair,$481.00,$815.00
IPHONE 16 PRO,512GB,verizon,damaged,$413.00,$815.00
IPHONE 16 PRO,512GB,tmobile,flawless,$584.00,$815.00
IPHONE 16 PRO,512GB,tmobile,good,$557.00,$815.00
IPHONE 16 PRO,512GB,tmobile,fair,$471.00,$815.00
IPHONE 16 PRO,512GB,tmobile,damaged,$332.00,$815.00
IPHONE 16 PRO,512GB,unlocked,flawless,$595.48,$815.00
IPHONE 16 PRO,512GB,unlocked,good,$595.48,$815.00
IPHONE 16 PRO,512GB,unlocked,fair,$546.00,$815.00
IPHONE 16 PRO,512GB,unlocked,damaged,$497.00,$815.00
IPHONE 16 PRO,1TB,att,flawless,$623.00,$980.00
IPHONE 16 PRO,1TB,att,good,$561.00,$980.00
IPHONE 16 PRO,1TB,att,fair,$506.00,$980.00
IPHONE 16 PRO,1TB,att,damaged,$442.00,$980.00
IPHONE 16 PRO,1TB,verizon,flawless,$619.00,$980.00
IPHONE 16 PRO,1TB,verizon,good,$517.00,$980.00
IPHONE 16 PRO,1TB,verizon,fair,$468.00,$980.00
IPHONE 16 PRO,1TB,verizon,damaged,$447.00,$980.00
IPHONE 16 PRO,1TB,tmobile,flawless,$669.00,$980.00
IPHONE 16 PRO,1TB,tmobile,good,$617.00,$980.00
IPHONE 16 PRO,1TB,tmobile,fair,$531.00,$980.00
IPHONE 16 PRO,1TB,tmobile,damaged,$392.00,$980.00
IPHONE 16 PRO,1TB,unlocked,flawless,$727.48,$980.00
IPHONE 16 PRO,1TB,unlocked,good,$727.48,$980.00
IPHONE 16 PRO,1TB,unlocked,fair,$606.00,$980.00
IPHONE 16 PRO,1TB,unlocked,damaged,$487.00,$980.00
IPHONE 16 PRO MAX,256GB,att,flawless,$597.99,$840.00
IPHONE 16 PRO MAX,256GB,att,good,$541.00,$840.00
IPHONE 16 PRO MAX,256GB,att,fair,$476.00,$840.00
IPHONE 16 PRO MAX,256GB,att,damaged,$381.00,$840.00
IPHONE 16 PRO MAX,256GB,verizon,flawless,$607.00,$840.00
IPHONE 16 PRO MAX,256GB,verizon,good,$587.00,$840.00
IPHONE 16 PRO MAX,256GB,verizon,fair,$501.00,$840.00
IPHONE 16 PRO MAX,256GB,verizon,damaged,$401.00,$840.00
IPHONE 16 PRO MAX,256GB,tmobile,flawless,$615.48,$840.00
IPHONE 16 PRO MAX,256GB,tmobile,good,$577.00,$840.00
IPHONE 16 PRO MAX,256GB,tmobile,fair,$491.00,$840.00
IPHONE 16 PRO MAX,256GB,tmobile,damaged,$356.00,$840.00
IPHONE 16 PRO MAX,256GB,unlocked,flawless,$615.48,$840.00
IPHONE 16 PRO MAX,256GB,unlocked,good,$615.48,$840.00
IPHONE 16 PRO MAX,256GB,unlocked,fair,$596.00,$840.00
IPHONE 16 PRO MAX,256GB,unlocked,damaged,$511.00,$840.00
IPHONE 16 PRO MAX,512GB,att,flawless,$657.99,$920.00
IPHONE 16 PRO MAX,512GB,att,good,$591.00,$920.00
IPHONE 16 PRO MAX,512GB,att,fair,$526.00,$920.00
IPHONE 16 PRO MAX,512GB,att,damaged,$453.00,$920.00
IPHONE 16 PRO MAX,512GB,verizon,flawless,$663.00,$920.00
IPHONE 16 PRO MAX,512GB,verizon,good,$647.00,$920.00
IPHONE 16 PRO MAX,512GB,verizon,fair,$561.00,$920.00
IPHONE 16 PRO MAX,512GB,verizon,damaged,$478.00,$920.00
IPHONE 16 PRO MAX,512GB,tmobile,flawless,$679.48,$920.00
IPHONE 16 PRO MAX,512GB,tmobile,good,$631.00,$920.00
IPHONE 16 PRO MAX,512GB,tmobile,fair,$541.00,$920.00
IPHONE 16 PRO MAX,512GB,tmobile,damaged,$446.00,$920.00
IPHONE 16 PRO MAX,512GB,unlocked,flawless,$679.48,$920.00
IPHONE 16 PRO MAX,512GB,unlocked,good,$679.48,$920.00
IPHONE 16 PRO MAX,512GB,unlocked,fair,$646.00,$920.00
IPHONE 16 PRO MAX,512GB,unlocked,damaged,$581.00,$920.00
IPHONE 16 PRO MAX,1TB,att,flawless,$749.00,"$1,010.00"
IPHONE 16 PRO MAX,1TB,att,good,$681.00,"$1,010.00"
IPHONE 16 PRO MAX,1TB,att,fair,$616.00,"$1,010.00"
IPHONE 16 PRO MAX,1TB,att,damaged,$523.00,"$1,010.00"
IPHONE 16 PRO MAX,1TB,verizon,flawless,$750.00,"$1,010.00"
IPHONE 16 PRO MAX,1TB,verizon,good,$734.00,"$1,010.00"
IPHONE 16 PRO MAX,1TB,verizon,fair,$648.00,"$1,010.00"
IPHONE 16 PRO MAX,1TB,verizon,damaged,$541.00,"$1,010.00"
IPHONE 16 PRO MAX,1TB,tmobile,flawless,$751.48,"$1,010.00"
IPHONE 16 PRO MAX,1TB,tmobile,good,$717.00,"$1,010.00"
IPHONE 16 PRO MAX,1TB,tmobile,fair,$631.00,"$1,010.00"
IPHONE 16 PRO MAX,1TB,tmobile,damaged,$496.00,"$1,010.00"
IPHONE 16 PRO MAX,1TB,unlocked,flawless,$751.48,"$1,010.00"
IPHONE 16 PRO MAX,1TB,unlocked,good,$751.48,"$1,010.00"
IPHONE 16 PRO MAX,1TB,unlocked,fair,$734.09,"$1,010.00"
IPHONE 16 PRO MAX,1TB,unlocked,damaged,$651.00,"$1,010.00"
iPhone 16 SE,64GB,att,flawless,,
iPhone 16 SE,64GB,att,good,,
iPhone 16 SE,64GB,att,fair,,
iPhone 16 SE,64GB,att,damaged,,
iPhone 16 SE,64GB,verizon,flawless,,
iPhone 16 SE,64GB,verizon,good,,
iPhone 16 SE,64GB,verizon,fair,,
iPhone 16 SE,64GB,verizon,damaged,,
iPhone 16 SE,64GB,tmobile,flawless,,
iPhone 16 SE,64GB,tmobile,good,,
iPhone 16 SE,64GB,tmobile,fair,,
iPhone 16 SE,64GB,tmobile,damaged,,
iPhone 16 SE,64GB,unlocked,flawless,,
iPhone 16 SE,64GB,unlocked,good,,
iPhone 16 SE,64GB,unlocked,fair,,
iPhone 16 SE,64GB,unlocked,damaged,,
iPhone 16 SE,128GB,att,flawless,$195.00,$400.00
iPhone 16 SE,128GB,att,good,$168.00,$400.00
iPhone 16 SE,128GB,att,fair,$108.00,$400.00
iPhone 16 SE,128GB,att,damaged,$113.00,$400.00
iPhone 16 SE,128GB,verizon,flawless,$195.00,$400.00
iPhone 16 SE,128GB,verizon,good,$173.00,$400.00
iPhone 16 SE,128GB,verizon,fair,$108.00,$400.00
iPhone 16 SE,128GB,verizon,damaged,$113.00,$400.00
iPhone 16 SE,128GB,tmobile,flawless,$195.00,$400.00
iPhone 16 SE,128GB,tmobile,good,$172.00,$400.00
iPhone 16 SE,128GB,tmobile,fair,$106.00,$400.00
iPhone 16 SE,128GB,tmobile,damaged,$113.00,$400.00
iPhone 16 SE,128GB,unlocked,flawless,$264.66,$400.00
iPhone 16 SE,128GB,unlocked,good,$259.00,$400.00
iPhone 16 SE,128GB,unlocked,fair,$207.00,$400.00
iPhone 16 SE,128GB,unlocked,damaged,$138.00,$400.00
iPhone 16 SE,256GB,att,flawless,$265.00,$490.00
iPhone 16 SE,256GB,att,good,$219.00,$490.00
iPhone 16 SE,256GB,att,fair,$162.00,$490.00
iPhone 16 SE,256GB,att,damaged,$108.00,$490.00
iPhone 16 SE,256GB,verizon,flawless,$265.00,$490.00
iPhone 16 SE,256GB,verizon,good,$219.00,$490.00
iPhone 16 SE,256GB,verizon,fair,$162.00,$490.00
iPhone 16 SE,256GB,verizon,damaged,$108.00,$490.00
iPhone 16 SE,256GB,tmobile,flawless,$265.00,$490.00
iPhone 16 SE,256GB,tmobile,good,$208.00,$490.00
iPhone 16 SE,256GB,tmobile,fair,$168.00,$490.00
iPhone 16 SE,256GB,tmobile,damaged,$108.00,$490.00
iPhone 16 SE,256GB,unlocked,flawless,$335.48,$490.00
iPhone 16 SE,256GB,unlocked,good,$332.00,$490.00
iPhone 16 SE,256GB,unlocked,fair,$281.00,$490.00
iPhone 16 SE,256GB,unlocked,damaged,$132.00,$490.00
iPhone 16 SE,512GB,att,flawless,,
iPhone 16 SE,512GB,att,good,,
iPhone 16 SE,512GB,att,fair,,
iPhone 16 SE,512GB,att,damaged,,
iPhone 16 SE,512GB,verizon,flawless,,
iPhone 16 SE,512GB,verizon,good,,
iPhone 16 SE,512GB,verizon,fair,,
iPhone 16 SE,512GB,verizon,damaged,,
iPhone 16 SE,512GB,tmobile,flawless,,
iPhone 16 SE,512GB,tmobile,good,,
iPhone 16 SE,512GB,tmobile,fair,,
iPhone 16 SE,512GB,tmobile,damaged,,
iPhone 16 SE,512GB,unlocked,flawless,,
iPhone 16 SE,512GB,unlocked,good,,
iPhone 16 SE,512GB,unlocked,fair,,
iPhone 16 SE,512GB,unlocked,damaged,,